OrderedDict([('lin_node.0.weight', tensor([[ 1.2939e-01, -6.8646e-01,  5.1344e-01,  ...,  2.0031e-02,
          3.5824e-01, -1.6678e-02],
        [-3.3557e-01,  3.1493e-01,  3.7948e-02,  ..., -1.5315e-01,
         -1.1140e-01,  1.3485e-04],
        [ 9.7300e-02,  1.8474e-01, -6.6704e-02,  ...,  2.3457e-01,
          1.0290e-01, -3.9780e-04],
        ...,
        [-2.3729e-01, -1.6937e-01,  4.1445e-01,  ..., -2.5030e-01,
         -3.4190e-01,  3.7022e-03],
        [-5.3084e-01, -2.4939e-01, -1.8751e-01,  ..., -1.8575e-01,
          2.2008e-01, -2.7328e-03],
        [ 2.5938e-01,  3.7385e-01, -4.2932e-01,  ..., -2.9147e-01,
          7.4772e-02,  3.0073e-03]], device='cuda:0')), ('lin_node.0.bias', tensor([ 0.0418,  0.0772,  0.0406,  0.0680, -0.0245, -0.0729, -0.1152,  0.1282,
        -0.1037,  0.0003,  0.0871, -0.0829, -0.1103,  0.1192, -0.0134, -0.1678,
        -0.0845,  0.0466,  0.1842,  0.0272,  0.0598,  0.0348,  0.0176,  0.0221,
         0.0218, -0.0364,  0.0404,  0.0789,  0.0107, -0.1136, -0.1575,  0.0704,
         0.0480,  0.2041, -0.0375,  0.1456, -0.0990,  0.0808,  0.0856, -0.1912,
        -0.1160, -0.0383,  0.0416,  0.0924, -0.0325,  0.0939, -0.1915, -0.0997,
        -0.1106,  0.0306, -0.0954, -0.0596,  0.0445, -0.0743,  0.0247, -0.1421,
        -0.0178,  0.0812,  0.1594, -0.0777,  0.0286, -0.0286, -0.0217, -0.1489,
         0.1139,  0.0542,  0.0249,  0.1133,  0.0682,  0.0548,  0.1364,  0.0761,
         0.1097, -0.0735,  0.0134,  0.0832, -0.0314,  0.1029,  0.1138, -0.1302,
        -0.0529, -0.1436, -0.1049, -0.1568, -0.0312, -0.1260, -0.0176, -0.1069,
        -0.1797,  0.0100, -0.0648, -0.0231,  0.1902,  0.1291, -0.0668,  0.2558,
         0.1006,  0.0554,  0.1620,  0.0364,  0.1228,  0.0723,  0.0436, -0.1256,
         0.0419,  0.1023, -0.2132,  0.0491, -0.0917, -0.1555,  0.1543,  0.0330,
        -0.1379, -0.0971, -0.1502, -0.1629, -0.1162,  0.1557, -0.1255, -0.1384,
         0.1248,  0.1724,  0.0076, -0.0231,  0.0319,  0.0879,  0.0488,  0.1214,
        -0.0855,  0.1554, -0.0174, -0.0412,  0.1626, -0.0680, -0.1046, -0.0452,
         0.0104,  0.0967, -0.1520, -0.1774, -0.0023, -0.1057, -0.0053, -0.1161,
        -0.0757, -0.0832, -0.1117, -0.0778,  0.0518,  0.1182, -0.0534, -0.0992,
        -0.1297,  0.1365,  0.0468,  0.0015,  0.0327,  0.0763,  0.0063, -0.0825,
         0.0003,  0.0799,  0.0608, -0.0665,  0.0123,  0.0954, -0.0560,  0.1070,
         0.0889,  0.0564,  0.0901, -0.1354, -0.0790, -0.0767, -0.0393,  0.0355,
         0.1943, -0.1865, -0.1027,  0.0970, -0.0128, -0.2306, -0.1515, -0.0951,
         0.0188, -0.0347,  0.1134,  0.1122,  0.0173, -0.0162,  0.0576, -0.0316,
         0.0258, -0.1806,  0.0003, -0.1443,  0.0057,  0.0219, -0.1045,  0.0258,
         0.1012,  0.0487,  0.0872, -0.1226, -0.0069, -0.1096, -0.1076, -0.0333,
         0.1520, -0.0949,  0.0975,  0.1572, -0.0877, -0.0695,  0.0609, -0.2288,
         0.0635, -0.1764, -0.0341, -0.0819,  0.0624, -0.1605, -0.1011, -0.0514,
         0.0913,  0.0445,  0.0696, -0.0418, -0.0628, -0.0802,  0.0663, -0.0521,
        -0.0016, -0.0768, -0.1117,  0.1130, -0.0077,  0.0686, -0.0461,  0.0179,
         0.0415,  0.1061, -0.1359, -0.1363,  0.0071,  0.0341, -0.0755, -0.1563,
         0.1089,  0.1063,  0.0618, -0.0513, -0.1227,  0.0110,  0.0597, -0.1255],
       device='cuda:0')), ('gconv1.mlp_node_cov.0.weight', tensor([[-1.9434e-38, -1.1786e-38, -6.8596e-39,  ...,  6.9151e-21,
          1.2926e-18, -1.9327e-39],
        [-8.3853e-40,  2.1043e-39,  3.3784e-19,  ..., -6.2869e-39,
          1.5356e-39,  3.6159e-39],
        [ 7.3927e-14,  3.2338e-39, -6.0114e-39,  ...,  1.0763e-20,
          5.5095e-31, -2.4935e-17],
        ...,
        [ 6.9036e-39, -2.2805e-39, -2.5954e-39,  ..., -4.6147e-39,
          1.9492e-39,  1.6870e-18],
        [ 3.9695e-40,  2.1614e-36, -5.7842e-39,  ...,  6.7301e-39,
         -1.6852e-24,  1.0264e-39],
        [-1.2766e-40, -4.7148e-12, -1.1774e-32,  ..., -1.6505e-35,
          4.7380e-39, -6.4963e-39]], device='cuda:0')), ('gconv1.mlp_node_cov.0.bias', tensor([ 6.1276e-39,  3.4209e-40, -4.2022e-39,  6.6316e-39, -2.6928e-39,
         6.0483e-39,  3.0836e-39,  5.5290e-39,  4.3844e-40,  3.1926e-39,
        -4.8733e-39, -2.4138e-39,  7.4242e-40, -1.3201e-39, -6.0565e-39,
        -6.3675e-39, -5.2811e-39, -6.6038e-39,  2.7781e-39, -1.7730e-39,
        -8.5770e-40, -5.7519e-40,  6.0984e-39, -4.0084e-39,  6.7314e-39,
        -5.2681e-39,  6.0957e-40, -4.7785e-39, -5.5392e-39,  2.5009e-39,
         2.1490e-39, -1.0160e-39,  8.5895e-40,  2.7275e-39,  3.7681e-39,
        -4.5669e-39,  6.6648e-39,  6.1933e-40,  4.9914e-39,  1.3629e-39,
         5.1215e-39, -6.0032e-39, -1.5207e-39, -2.5793e-39, -3.9643e-39,
         1.5336e-39, -1.0609e-39,  6.9922e-39, -4.8784e-39,  3.8513e-39,
        -3.8428e-39, -5.0061e-39,  1.8503e-39,  4.4002e-39, -2.9565e-39,
        -5.9038e-39, -1.0636e-39,  5.6621e-39,  4.8411e-39, -9.8128e-40,
         9.0204e-40, -3.9634e-39,  3.9050e-39, -6.6843e-39, -3.1941e-39,
         4.2818e-39,  4.4815e-39,  2.7746e-39, -7.8828e-40, -2.8180e-40,
        -9.5217e-40, -2.2229e-39,  3.3583e-39,  5.8573e-39,  1.8987e-39,
        -4.1204e-39,  2.2186e-39,  7.1247e-40,  4.6856e-39,  5.0312e-39,
        -2.1944e-40, -4.6783e-39,  3.5175e-40,  6.7492e-39,  1.9577e-39,
        -1.9713e-39,  6.7883e-40, -1.6321e-39,  4.9308e-39,  5.1757e-39,
        -6.7040e-39, -2.7232e-39,  5.3287e-39,  3.6886e-39,  3.2845e-40,
         1.8346e-39,  2.2249e-39, -1.5459e-39, -3.9977e-39, -2.6562e-39,
         5.3295e-39, -2.6672e-39, -6.7554e-39, -1.5157e-39,  5.0668e-39,
        -3.2245e-39,  3.5457e-39,  4.3927e-39,  2.2919e-39, -2.4356e-39,
         6.8357e-39, -4.0039e-39, -4.8052e-39, -5.8427e-39, -5.4595e-39,
         6.4782e-39,  3.1812e-39, -9.2996e-40, -3.2650e-39, -6.7708e-39,
         3.7385e-39, -4.3233e-41,  4.7691e-39,  4.6325e-39,  1.1456e-39,
        -8.6531e-40,  3.1390e-39, -5.9150e-39, -5.8088e-40,  1.9576e-39,
         5.3548e-40,  5.7677e-39, -5.9024e-39, -9.7949e-40, -2.4840e-39,
         4.0411e-39,  6.5684e-40,  5.0586e-39,  2.3811e-39, -3.3596e-39,
        -3.8064e-39, -2.4368e-39, -1.4606e-39,  2.3357e-39, -4.0230e-39,
         4.7045e-39, -4.4058e-39,  5.0211e-39,  8.9676e-41,  2.7523e-39,
        -2.3935e-39,  1.0654e-39,  1.7942e-39, -1.9869e-39,  2.7251e-39,
         8.4783e-40,  2.6494e-39, -2.3640e-39,  1.6407e-39,  2.4955e-39,
        -4.8247e-39,  6.7486e-39,  3.7074e-39, -3.9153e-39,  6.9243e-39,
         2.2672e-39, -3.6421e-39,  3.8896e-39,  2.9278e-39, -5.7952e-39,
        -2.0764e-39, -4.6261e-40,  6.5321e-39, -6.6727e-39,  3.5935e-39,
        -6.1125e-39,  3.4812e-39, -2.5650e-40,  4.9481e-39,  2.8447e-39,
        -3.6555e-39,  3.5640e-39,  2.1741e-39, -3.6392e-40,  6.6073e-39,
         5.9803e-39,  5.7265e-39, -2.9672e-39, -2.3283e-39,  5.8926e-40,
         1.9936e-39, -3.1640e-39, -5.4384e-39, -6.8465e-39,  1.6754e-39,
        -4.5279e-39,  1.8236e-39, -6.1140e-39,  3.7058e-39,  3.6010e-39,
         5.8719e-39, -2.9097e-40,  5.1615e-40,  2.7024e-40,  2.7182e-39,
         5.5511e-39, -6.7794e-40, -5.3195e-39, -4.9899e-40, -6.3979e-39,
         3.8926e-39,  3.3785e-39,  5.4014e-39,  6.2644e-39,  1.4120e-39,
        -3.5645e-39, -5.2811e-39, -4.3074e-40,  8.3898e-40,  6.6985e-39,
         4.5342e-39, -9.7376e-42,  3.9264e-39,  4.2796e-39,  2.9295e-39,
        -8.5761e-40, -4.1694e-39, -1.8595e-39, -4.1609e-39, -2.1671e-39,
        -6.0540e-39, -3.1183e-39, -1.6036e-39, -6.8402e-39, -5.5353e-39,
        -2.2906e-39,  2.2329e-39,  4.9372e-39,  5.3765e-40, -4.8669e-40,
         3.8865e-39, -5.1490e-40,  2.9144e-39, -3.5986e-39, -3.3406e-39,
         1.9558e-39, -1.7507e-40, -6.9942e-39, -4.6897e-39, -2.1521e-39,
         1.9859e-39,  3.6014e-39,  1.1412e-39, -3.3524e-39,  1.1112e-39,
         5.1456e-39], device='cuda:0')), ('gconv1.mlp_node_cov.3.weight', tensor([0.1458, 0.1458, 0.1458, 0.1458, 0.1458, 0.1458, 0.1458, 0.1458, 0.1458,
        0.1458, 0.1458, 0.1458, 0.1458, 0.1458, 0.1458, 0.1458, 0.1458, 0.1458,
        0.1458, 0.1458, 0.1458, 0.1458, 0.1458, 0.1458, 0.1458, 0.1458, 0.1458,
        0.1458, 0.1458, 0.1458, 0.1458, 0.1458, 0.1458, 0.1458, 0.1458, 0.1458,
        0.1458, 0.1458, 0.1458, 0.1458, 0.1458, 0.1458, 0.1458, 0.1458, 0.1458,
        0.1458, 0.1458, 0.1458, 0.1458, 0.1458, 0.1458, 0.1458, 0.1458, 0.1458,
        0.1458, 0.1458, 0.1458, 0.1458, 0.1458, 0.1458, 0.1458, 0.1458, 0.1458,
        0.1458, 0.1458, 0.1458, 0.1458, 0.1458, 0.1458, 0.1458, 0.1458, 0.1458,
        0.1458, 0.1458, 0.1458, 0.1458, 0.1458, 0.1458, 0.1458, 0.1458, 0.1458,
        0.1458, 0.1458, 0.1458, 0.1458, 0.1458, 0.1458, 0.1458, 0.1458, 0.1458,
        0.1458, 0.1458, 0.1458, 0.1458, 0.1458, 0.1458, 0.1458, 0.1458, 0.1458,
        0.1458, 0.1458, 0.1458, 0.1458, 0.1458, 0.1458, 0.1458, 0.1458, 0.1458,
        0.1458, 0.1458, 0.1458, 0.1458, 0.1458, 0.1458, 0.1458, 0.1458, 0.1458,
        0.1458, 0.1458, 0.1458, 0.1458, 0.1458, 0.1458, 0.1458, 0.1458, 0.1458,
        0.1458, 0.1458, 0.1458, 0.1458, 0.1458, 0.1458, 0.1458, 0.1458, 0.1458,
        0.1458, 0.1458, 0.1458, 0.1458, 0.1458, 0.1458, 0.1458, 0.1458, 0.1458,
        0.1458, 0.1458, 0.1458, 0.1458, 0.1458, 0.1458, 0.1458, 0.1458, 0.1458,
        0.1458, 0.1458, 0.1458, 0.1458, 0.1458, 0.1458, 0.1458, 0.1458, 0.1458,
        0.1458, 0.1458, 0.1458, 0.1458, 0.1458, 0.1458, 0.1458, 0.1458, 0.1458,
        0.1458, 0.1458, 0.1458, 0.1458, 0.1458, 0.1458, 0.1458, 0.1458, 0.1458,
        0.1458, 0.1458, 0.1458, 0.1458, 0.1458, 0.1458, 0.1458, 0.1458, 0.1458,
        0.1458, 0.1458, 0.1458, 0.1458, 0.1458, 0.1458, 0.1458, 0.1458, 0.1458,
        0.1458, 0.1458, 0.1458, 0.1458, 0.1458, 0.1458, 0.1458, 0.1458, 0.1458,
        0.1458, 0.1458, 0.1458, 0.1458, 0.1458, 0.1458, 0.1458, 0.1458, 0.1458,
        0.1458, 0.1458, 0.1458, 0.1458, 0.1458, 0.1458, 0.1458, 0.1458, 0.1458,
        0.1458, 0.1458, 0.1458, 0.1458, 0.1458, 0.1458, 0.1458, 0.1458, 0.1458,
        0.1458, 0.1458, 0.1458, 0.1458, 0.1458, 0.1458, 0.1458, 0.1458, 0.1458,
        0.1458, 0.1458, 0.1458, 0.1458, 0.1458, 0.1458, 0.1458, 0.1458, 0.1458,
        0.1458, 0.1458, 0.1458, 0.1458], device='cuda:0')), ('gconv1.mlp_node_cov.3.bias', tensor([0., 0., 0., 0., 0., 0., 0., 0., 0., 0., 0., 0., 0., 0., 0., 0., 0., 0., 0., 0., 0., 0., 0., 0.,
        0., 0., 0., 0., 0., 0., 0., 0., 0., 0., 0., 0., 0., 0., 0., 0., 0., 0., 0., 0., 0., 0., 0., 0.,
        0., 0., 0., 0., 0., 0., 0., 0., 0., 0., 0., 0., 0., 0., 0., 0., 0., 0., 0., 0., 0., 0., 0., 0.,
        0., 0., 0., 0., 0., 0., 0., 0., 0., 0., 0., 0., 0., 0., 0., 0., 0., 0., 0., 0., 0., 0., 0., 0.,
        0., 0., 0., 0., 0., 0., 0., 0., 0., 0., 0., 0., 0., 0., 0., 0., 0., 0., 0., 0., 0., 0., 0., 0.,
        0., 0., 0., 0., 0., 0., 0., 0., 0., 0., 0., 0., 0., 0., 0., 0., 0., 0., 0., 0., 0., 0., 0., 0.,
        0., 0., 0., 0., 0., 0., 0., 0., 0., 0., 0., 0., 0., 0., 0., 0., 0., 0., 0., 0., 0., 0., 0., 0.,
        0., 0., 0., 0., 0., 0., 0., 0., 0., 0., 0., 0., 0., 0., 0., 0., 0., 0., 0., 0., 0., 0., 0., 0.,
        0., 0., 0., 0., 0., 0., 0., 0., 0., 0., 0., 0., 0., 0., 0., 0., 0., 0., 0., 0., 0., 0., 0., 0.,
        0., 0., 0., 0., 0., 0., 0., 0., 0., 0., 0., 0., 0., 0., 0., 0., 0., 0., 0., 0., 0., 0., 0., 0.,
        0., 0., 0., 0., 0., 0., 0., 0., 0., 0., 0., 0., 0., 0., 0., 0.],
       device='cuda:0')), ('gconv1.mlp_node_cov.3.running_mean', tensor([0., 0., 0., 0., 0., 0., 0., 0., 0., 0., 0., 0., 0., 0., 0., 0., 0., 0., 0., 0., 0., 0., 0., 0.,
        0., 0., 0., 0., 0., 0., 0., 0., 0., 0., 0., 0., 0., 0., 0., 0., 0., 0., 0., 0., 0., 0., 0., 0.,
        0., 0., 0., 0., 0., 0., 0., 0., 0., 0., 0., 0., 0., 0., 0., 0., 0., 0., 0., 0., 0., 0., 0., 0.,
        0., 0., 0., 0., 0., 0., 0., 0., 0., 0., 0., 0., 0., 0., 0., 0., 0., 0., 0., 0., 0., 0., 0., 0.,
        0., 0., 0., 0., 0., 0., 0., 0., 0., 0., 0., 0., 0., 0., 0., 0., 0., 0., 0., 0., 0., 0., 0., 0.,
        0., 0., 0., 0., 0., 0., 0., 0., 0., 0., 0., 0., 0., 0., 0., 0., 0., 0., 0., 0., 0., 0., 0., 0.,
        0., 0., 0., 0., 0., 0., 0., 0., 0., 0., 0., 0., 0., 0., 0., 0., 0., 0., 0., 0., 0., 0., 0., 0.,
        0., 0., 0., 0., 0., 0., 0., 0., 0., 0., 0., 0., 0., 0., 0., 0., 0., 0., 0., 0., 0., 0., 0., 0.,
        0., 0., 0., 0., 0., 0., 0., 0., 0., 0., 0., 0., 0., 0., 0., 0., 0., 0., 0., 0., 0., 0., 0., 0.,
        0., 0., 0., 0., 0., 0., 0., 0., 0., 0., 0., 0., 0., 0., 0., 0., 0., 0., 0., 0., 0., 0., 0., 0.,
        0., 0., 0., 0., 0., 0., 0., 0., 0., 0., 0., 0., 0., 0., 0., 0.],
       device='cuda:0')), ('gconv1.mlp_node_cov.3.running_var', tensor([1., 1., 1., 1., 1., 1., 1., 1., 1., 1., 1., 1., 1., 1., 1., 1., 1., 1.,
        1., 1., 1., 1., 1., 1., 1., 1., 1., 1., 1., 1., 1., 1., 1., 1., 1., 1.,
        1., 1., 1., 1., 1., 1., 1., 1., 1., 1., 1., 1., 1., 1., 1., 1., 1., 1.,
        1., 1., 1., 1., 1., 1., 1., 1., 1., 1., 1., 1., 1., 1., 1., 1., 1., 1.,
        1., 1., 1., 1., 1., 1., 1., 1., 1., 1., 1., 1., 1., 1., 1., 1., 1., 1.,
        1., 1., 1., 1., 1., 1., 1., 1., 1., 1., 1., 1., 1., 1., 1., 1., 1., 1.,
        1., 1., 1., 1., 1., 1., 1., 1., 1., 1., 1., 1., 1., 1., 1., 1., 1., 1.,
        1., 1., 1., 1., 1., 1., 1., 1., 1., 1., 1., 1., 1., 1., 1., 1., 1., 1.,
        1., 1., 1., 1., 1., 1., 1., 1., 1., 1., 1., 1., 1., 1., 1., 1., 1., 1.,
        1., 1., 1., 1., 1., 1., 1., 1., 1., 1., 1., 1., 1., 1., 1., 1., 1., 1.,
        1., 1., 1., 1., 1., 1., 1., 1., 1., 1., 1., 1., 1., 1., 1., 1., 1., 1.,
        1., 1., 1., 1., 1., 1., 1., 1., 1., 1., 1., 1., 1., 1., 1., 1., 1., 1.,
        1., 1., 1., 1., 1., 1., 1., 1., 1., 1., 1., 1., 1., 1., 1., 1., 1., 1.,
        1., 1., 1., 1., 1., 1., 1., 1., 1., 1., 1., 1., 1., 1., 1., 1., 1., 1.,
        1., 1., 1., 1.], device='cuda:0')), ('gconv1.mlp_node_cov.3.num_batches_tracked', tensor(0, device='cuda:0')), ('gconv1.mlp_node_ncov.0.weight', tensor([[-1.4494e-16, -2.1711e-39, -5.5269e-20,  ..., -2.1336e-39,
         -4.1786e-39, -2.8478e-39],
        [ 1.8696e-11, -1.6441e-13, -6.5087e-39,  ..., -4.7591e-39,
         -3.2384e-39, -2.2213e-18],
        [ 6.1296e-39,  2.4484e-39, -1.2234e-28,  ..., -4.3942e-39,
          5.6253e-17, -1.6938e-39],
        ...,
        [ 1.4763e-39, -4.0081e-16, -5.6001e-39,  ...,  4.4212e-39,
          7.4289e-39, -1.3970e-11],
        [ 3.4057e-39, -1.2201e-39,  7.8069e-24,  ...,  4.3545e-39,
          2.8527e-40,  2.3211e-22],
        [ 1.9668e-39,  1.3143e-39,  1.8577e-39,  ..., -2.5999e-39,
          8.9514e-08,  6.0386e-39]], device='cuda:0')), ('gconv1.mlp_node_ncov.0.bias', tensor([-2.7968e-39,  3.4870e-39, -2.8541e-39,  5.3916e-39, -4.9018e-39,
        -2.8792e-39, -1.4849e-39, -4.9832e-40,  8.5344e-40,  3.4136e-40,
        -4.2129e-39, -3.0705e-39, -3.9887e-39,  3.3553e-39, -2.9968e-40,
        -3.5711e-39, -2.7141e-39, -6.5630e-39,  4.7183e-39, -3.2084e-39,
        -4.7730e-39, -2.8034e-39,  1.1605e-39, -3.4005e-39, -5.6044e-39,
        -1.6194e-40, -3.2440e-39,  2.1431e-39,  2.4987e-39,  2.8874e-39,
         6.7356e-39,  5.2280e-39,  1.8525e-39, -2.1013e-39, -1.9162e-40,
         2.5229e-39,  5.9408e-39,  1.6861e-39, -3.5172e-39,  1.9455e-40,
         2.3970e-39,  3.7734e-39, -4.4327e-39,  4.5320e-39, -3.4460e-39,
         6.5748e-41, -6.4015e-39, -2.3665e-39,  2.2178e-39,  3.7353e-39,
        -6.2940e-39,  6.8146e-39, -6.8488e-39,  2.2841e-39, -2.0426e-39,
         3.9483e-39,  4.7144e-39,  2.4791e-39,  9.9312e-40,  4.5113e-39,
        -7.4252e-40, -4.0330e-39, -6.6381e-39,  3.6630e-39,  2.1439e-39,
         2.7547e-39,  1.9838e-39,  3.2549e-39, -3.0623e-39, -2.4992e-39,
        -1.9621e-39, -8.1416e-40,  2.7921e-39, -5.6066e-40,  9.4786e-40,
         5.4364e-39, -1.8455e-39, -3.5433e-39, -4.6869e-39, -6.7289e-39,
        -1.5442e-39,  4.5691e-39,  5.0727e-39,  3.1671e-39,  3.9084e-39,
        -5.6360e-39, -5.7145e-39, -2.4943e-41, -5.0198e-40,  5.1709e-39,
         4.8304e-39,  3.0216e-39,  3.6385e-39, -1.7072e-39,  5.5616e-39,
        -5.3508e-39, -5.6467e-39,  5.2854e-39, -1.7289e-39, -6.9455e-40,
        -5.6266e-39,  3.8866e-39,  5.8997e-39,  4.8155e-39, -5.1770e-39,
        -2.2364e-39,  4.5469e-39,  6.7703e-39, -5.1192e-39,  3.3691e-39,
        -5.3146e-39, -1.6083e-39, -5.2409e-39,  6.8093e-39, -6.6584e-39,
        -1.8400e-40,  4.4472e-39, -6.6832e-39, -1.5600e-40, -4.2430e-40,
         2.2046e-39, -5.4837e-39, -2.1981e-39,  2.5917e-39,  8.3183e-40,
        -4.5637e-39,  6.5286e-39,  4.7846e-39, -5.0062e-39, -2.6010e-39,
        -1.7113e-39,  6.4583e-39, -4.7242e-39,  2.9660e-39, -4.1385e-39,
        -3.4744e-39, -5.1192e-39, -4.9161e-39, -3.4032e-39, -3.3832e-39,
         4.4131e-39,  3.7869e-39, -4.9090e-39, -3.0166e-39,  5.5025e-39,
        -5.0173e-39, -6.8335e-39, -3.6824e-39, -6.6195e-39,  1.5214e-40,
         6.2364e-39, -4.2569e-39, -5.4828e-39, -1.3079e-39,  3.0968e-39,
         3.0840e-39, -2.1591e-39, -2.0901e-39,  2.2111e-39,  6.3010e-40,
         1.6223e-39, -4.7968e-39,  3.9192e-39,  4.9858e-39, -2.6182e-39,
         9.7450e-40,  6.0738e-40, -6.8269e-39, -5.0773e-39, -5.3080e-39,
        -4.8577e-39,  7.2048e-40,  5.4102e-39,  5.6640e-39,  1.4061e-39,
        -4.9640e-39,  4.1059e-39,  4.4633e-39,  6.5943e-39,  2.0600e-39,
        -5.2612e-39,  5.8441e-39,  1.9178e-39,  2.6554e-39,  2.0609e-39,
        -4.3812e-39,  4.3245e-39, -5.1607e-39, -2.8734e-40,  1.8518e-39,
        -3.9404e-39, -3.4033e-39,  2.0996e-39, -1.1886e-39,  5.8099e-39,
         1.8192e-39, -1.1121e-39,  6.0391e-39, -5.0074e-39, -6.1436e-39,
        -3.3252e-39,  1.8629e-39, -2.9248e-39, -4.7797e-39, -6.8011e-39,
        -6.4090e-40, -3.6730e-39, -5.3085e-40,  7.9058e-40, -5.8147e-39,
        -1.0214e-39,  2.0685e-39, -6.6776e-39, -6.0741e-39,  3.7127e-39,
         3.9003e-39,  2.3514e-39,  5.6611e-39, -1.5845e-39,  5.9739e-39,
        -6.5676e-39, -3.9780e-39, -4.6529e-39, -6.0837e-40, -5.9166e-39,
         6.6939e-39, -3.6313e-39, -3.1123e-40, -1.4051e-39,  5.6723e-40,
         1.0684e-39, -4.1652e-39,  4.7167e-40,  6.4696e-39, -1.5051e-39,
        -2.2477e-39,  5.1794e-39, -6.7482e-39, -6.2095e-39, -1.5725e-39,
         2.3468e-39,  6.6417e-39,  1.2833e-39,  5.2815e-39, -5.9930e-39,
        -1.7021e-39,  4.5807e-39, -1.3999e-39, -6.2769e-39, -6.1357e-39,
         5.5957e-39, -1.9642e-39,  1.8397e-39, -5.8318e-40,  3.4705e-39,
         5.3807e-41], device='cuda:0')), ('gconv1.mlp_node_ncov.3.weight', tensor([0.1458, 0.1458, 0.1458, 0.1458, 0.1458, 0.1458, 0.1458, 0.1458, 0.1458,
        0.1458, 0.1458, 0.1458, 0.1458, 0.1458, 0.1458, 0.1458, 0.1458, 0.1458,
        0.1458, 0.1458, 0.1458, 0.1458, 0.1458, 0.1458, 0.1458, 0.1458, 0.1458,
        0.1458, 0.1458, 0.1458, 0.1458, 0.1458, 0.1458, 0.1458, 0.1458, 0.1458,
        0.1458, 0.1458, 0.1458, 0.1458, 0.1458, 0.1458, 0.1458, 0.1458, 0.1458,
        0.1458, 0.1458, 0.1458, 0.1458, 0.1458, 0.1458, 0.1458, 0.1458, 0.1458,
        0.1458, 0.1458, 0.1458, 0.1458, 0.1458, 0.1458, 0.1458, 0.1458, 0.1458,
        0.1458, 0.1458, 0.1458, 0.1458, 0.1458, 0.1458, 0.1458, 0.1458, 0.1458,
        0.1458, 0.1458, 0.1458, 0.1458, 0.1458, 0.1458, 0.1458, 0.1458, 0.1458,
        0.1458, 0.1458, 0.1458, 0.1458, 0.1458, 0.1458, 0.1458, 0.1458, 0.1458,
        0.1458, 0.1458, 0.1458, 0.1458, 0.1458, 0.1458, 0.1458, 0.1458, 0.1458,
        0.1458, 0.1458, 0.1458, 0.1458, 0.1458, 0.1458, 0.1458, 0.1458, 0.1458,
        0.1458, 0.1458, 0.1458, 0.1458, 0.1458, 0.1458, 0.1458, 0.1458, 0.1458,
        0.1458, 0.1458, 0.1458, 0.1458, 0.1458, 0.1458, 0.1458, 0.1458, 0.1458,
        0.1458, 0.1458, 0.1458, 0.1458, 0.1458, 0.1458, 0.1458, 0.1458, 0.1458,
        0.1458, 0.1458, 0.1458, 0.1458, 0.1458, 0.1458, 0.1458, 0.1458, 0.1458,
        0.1458, 0.1458, 0.1458, 0.1458, 0.1458, 0.1458, 0.1458, 0.1458, 0.1458,
        0.1458, 0.1458, 0.1458, 0.1458, 0.1458, 0.1458, 0.1458, 0.1458, 0.1458,
        0.1458, 0.1458, 0.1458, 0.1458, 0.1458, 0.1458, 0.1458, 0.1458, 0.1458,
        0.1458, 0.1458, 0.1458, 0.1458, 0.1458, 0.1458, 0.1458, 0.1458, 0.1458,
        0.1458, 0.1458, 0.1458, 0.1458, 0.1458, 0.1458, 0.1458, 0.1458, 0.1458,
        0.1458, 0.1458, 0.1458, 0.1458, 0.1458, 0.1458, 0.1458, 0.1458, 0.1458,
        0.1458, 0.1458, 0.1458, 0.1458, 0.1458, 0.1458, 0.1458, 0.1458, 0.1458,
        0.1458, 0.1458, 0.1458, 0.1458, 0.1458, 0.1458, 0.1458, 0.1458, 0.1458,
        0.1458, 0.1458, 0.1458, 0.1458, 0.1458, 0.1458, 0.1458, 0.1458, 0.1458,
        0.1458, 0.1458, 0.1458, 0.1458, 0.1458, 0.1458, 0.1458, 0.1458, 0.1458,
        0.1458, 0.1458, 0.1458, 0.1458, 0.1458, 0.1458, 0.1458, 0.1458, 0.1458,
        0.1458, 0.1458, 0.1458, 0.1458, 0.1458, 0.1458, 0.1458, 0.1458, 0.1458,
        0.1458, 0.1458, 0.1458, 0.1458], device='cuda:0')), ('gconv1.mlp_node_ncov.3.bias', tensor([0., 0., 0., 0., 0., 0., 0., 0., 0., 0., 0., 0., 0., 0., 0., 0., 0., 0., 0., 0., 0., 0., 0., 0.,
        0., 0., 0., 0., 0., 0., 0., 0., 0., 0., 0., 0., 0., 0., 0., 0., 0., 0., 0., 0., 0., 0., 0., 0.,
        0., 0., 0., 0., 0., 0., 0., 0., 0., 0., 0., 0., 0., 0., 0., 0., 0., 0., 0., 0., 0., 0., 0., 0.,
        0., 0., 0., 0., 0., 0., 0., 0., 0., 0., 0., 0., 0., 0., 0., 0., 0., 0., 0., 0., 0., 0., 0., 0.,
        0., 0., 0., 0., 0., 0., 0., 0., 0., 0., 0., 0., 0., 0., 0., 0., 0., 0., 0., 0., 0., 0., 0., 0.,
        0., 0., 0., 0., 0., 0., 0., 0., 0., 0., 0., 0., 0., 0., 0., 0., 0., 0., 0., 0., 0., 0., 0., 0.,
        0., 0., 0., 0., 0., 0., 0., 0., 0., 0., 0., 0., 0., 0., 0., 0., 0., 0., 0., 0., 0., 0., 0., 0.,
        0., 0., 0., 0., 0., 0., 0., 0., 0., 0., 0., 0., 0., 0., 0., 0., 0., 0., 0., 0., 0., 0., 0., 0.,
        0., 0., 0., 0., 0., 0., 0., 0., 0., 0., 0., 0., 0., 0., 0., 0., 0., 0., 0., 0., 0., 0., 0., 0.,
        0., 0., 0., 0., 0., 0., 0., 0., 0., 0., 0., 0., 0., 0., 0., 0., 0., 0., 0., 0., 0., 0., 0., 0.,
        0., 0., 0., 0., 0., 0., 0., 0., 0., 0., 0., 0., 0., 0., 0., 0.],
       device='cuda:0')), ('gconv1.mlp_node_ncov.3.running_mean', tensor([0., 0., 0., 0., 0., 0., 0., 0., 0., 0., 0., 0., 0., 0., 0., 0., 0., 0., 0., 0., 0., 0., 0., 0.,
        0., 0., 0., 0., 0., 0., 0., 0., 0., 0., 0., 0., 0., 0., 0., 0., 0., 0., 0., 0., 0., 0., 0., 0.,
        0., 0., 0., 0., 0., 0., 0., 0., 0., 0., 0., 0., 0., 0., 0., 0., 0., 0., 0., 0., 0., 0., 0., 0.,
        0., 0., 0., 0., 0., 0., 0., 0., 0., 0., 0., 0., 0., 0., 0., 0., 0., 0., 0., 0., 0., 0., 0., 0.,
        0., 0., 0., 0., 0., 0., 0., 0., 0., 0., 0., 0., 0., 0., 0., 0., 0., 0., 0., 0., 0., 0., 0., 0.,
        0., 0., 0., 0., 0., 0., 0., 0., 0., 0., 0., 0., 0., 0., 0., 0., 0., 0., 0., 0., 0., 0., 0., 0.,
        0., 0., 0., 0., 0., 0., 0., 0., 0., 0., 0., 0., 0., 0., 0., 0., 0., 0., 0., 0., 0., 0., 0., 0.,
        0., 0., 0., 0., 0., 0., 0., 0., 0., 0., 0., 0., 0., 0., 0., 0., 0., 0., 0., 0., 0., 0., 0., 0.,
        0., 0., 0., 0., 0., 0., 0., 0., 0., 0., 0., 0., 0., 0., 0., 0., 0., 0., 0., 0., 0., 0., 0., 0.,
        0., 0., 0., 0., 0., 0., 0., 0., 0., 0., 0., 0., 0., 0., 0., 0., 0., 0., 0., 0., 0., 0., 0., 0.,
        0., 0., 0., 0., 0., 0., 0., 0., 0., 0., 0., 0., 0., 0., 0., 0.],
       device='cuda:0')), ('gconv1.mlp_node_ncov.3.running_var', tensor([1., 1., 1., 1., 1., 1., 1., 1., 1., 1., 1., 1., 1., 1., 1., 1., 1., 1.,
        1., 1., 1., 1., 1., 1., 1., 1., 1., 1., 1., 1., 1., 1., 1., 1., 1., 1.,
        1., 1., 1., 1., 1., 1., 1., 1., 1., 1., 1., 1., 1., 1., 1., 1., 1., 1.,
        1., 1., 1., 1., 1., 1., 1., 1., 1., 1., 1., 1., 1., 1., 1., 1., 1., 1.,
        1., 1., 1., 1., 1., 1., 1., 1., 1., 1., 1., 1., 1., 1., 1., 1., 1., 1.,
        1., 1., 1., 1., 1., 1., 1., 1., 1., 1., 1., 1., 1., 1., 1., 1., 1., 1.,
        1., 1., 1., 1., 1., 1., 1., 1., 1., 1., 1., 1., 1., 1., 1., 1., 1., 1.,
        1., 1., 1., 1., 1., 1., 1., 1., 1., 1., 1., 1., 1., 1., 1., 1., 1., 1.,
        1., 1., 1., 1., 1., 1., 1., 1., 1., 1., 1., 1., 1., 1., 1., 1., 1., 1.,
        1., 1., 1., 1., 1., 1., 1., 1., 1., 1., 1., 1., 1., 1., 1., 1., 1., 1.,
        1., 1., 1., 1., 1., 1., 1., 1., 1., 1., 1., 1., 1., 1., 1., 1., 1., 1.,
        1., 1., 1., 1., 1., 1., 1., 1., 1., 1., 1., 1., 1., 1., 1., 1., 1., 1.,
        1., 1., 1., 1., 1., 1., 1., 1., 1., 1., 1., 1., 1., 1., 1., 1., 1., 1.,
        1., 1., 1., 1., 1., 1., 1., 1., 1., 1., 1., 1., 1., 1., 1., 1., 1., 1.,
        1., 1., 1., 1.], device='cuda:0')), ('gconv1.mlp_node_ncov.3.num_batches_tracked', tensor(0, device='cuda:0')), ('gconv1.mlp_coord_cov.0.weight', tensor([[ 5.3297e-25, -2.6152e-12, -5.4130e-03,  ..., -2.3154e-39,
          7.2537e-40,  9.4933e-03],
        [-3.6435e-16,  1.2347e-02,  1.7917e-03,  ..., -5.0030e-39,
         -1.7559e-39, -1.4664e-39],
        [ 1.9151e-18, -9.7687e-08, -1.0740e-09,  ...,  4.4316e-02,
         -5.4975e-19, -1.6242e-39],
        ...,
        [-1.7066e-01,  1.0163e-08,  1.1829e-03,  ..., -7.1107e-03,
         -1.0027e-02, -9.6847e-04],
        [ 5.0774e-05,  8.0119e-37, -4.9735e-04,  ..., -2.3956e-09,
         -8.4312e-40,  1.5059e-11],
        [-8.5788e-25, -2.5149e-27,  1.1152e-20,  ..., -1.1468e-18,
         -5.0408e-03,  4.4184e-07]], device='cuda:0')), ('gconv1.mlp_coord_cov.0.bias', tensor([ 2.8747e-39,  3.5271e-12,  2.3432e-09,  4.4458e-10, -1.1144e-31,
        -1.3305e-09,  1.2652e-06,  1.0733e-11,  4.2024e-39, -2.5550e-26,
        -8.7765e-06,  5.9030e-39, -2.6561e-39, -1.3509e-06, -6.6078e-39,
         9.4721e-40,  1.3518e-05, -1.3894e-18, -1.2720e-14, -6.7376e-39,
        -2.5695e-21, -1.4218e-08, -1.2477e-05, -7.6425e-29,  5.0592e-12,
         2.9213e-39, -6.6315e-07, -1.5861e-10, -5.4833e-09, -1.1237e-20,
        -1.6769e-18, -6.5338e-34, -6.0147e-10,  1.5163e-17,  2.3161e-39,
        -1.4163e-13, -5.6700e-40,  1.2412e-11, -1.8975e-36,  3.1286e-39,
         9.3405e-09, -5.4830e-12, -1.1014e-15,  4.1392e-08, -6.5080e-39,
         2.9846e-07, -3.7845e-40,  3.0052e-06,  1.4258e-09,  2.7250e-39,
        -3.0197e-11, -2.3720e-39,  4.1295e-08,  4.4506e-16,  1.3389e-17,
        -8.0240e-17,  8.0934e-17,  2.0896e-11, -6.8997e-37,  2.1801e-07,
        -2.4151e-11,  8.9136e-22, -1.0372e-05,  8.8457e-22,  2.2319e-06,
         1.2626e-20, -2.3603e-09, -3.5870e-06,  3.1109e-09, -4.3411e-39,
        -7.3615e-39,  4.0584e-27, -2.5036e-07,  4.0355e-09,  1.6401e-08,
        -6.0206e-39,  9.5095e-07, -8.1947e-09,  1.0685e-06, -5.3057e-39,
        -4.2826e-08, -2.6175e-39,  1.1384e-09, -6.2109e-10, -5.2992e-11,
        -4.4219e-39, -3.7078e-07,  5.6062e-10,  4.2377e-11, -5.6899e-19,
         4.0515e-07, -2.1407e-19, -1.6639e-21,  7.8127e-19, -3.3514e-09,
         9.3834e-28,  1.4771e-06, -3.1630e-06, -3.0130e-06,  6.5601e-06,
         9.0830e-13, -5.2046e-39, -1.0898e-08,  1.0867e-06,  7.7709e-06,
        -6.6032e-17,  1.2617e-16,  4.7100e-39, -1.5294e-40,  4.7702e-06,
        -4.8812e-08, -1.2962e-05,  6.4498e-10,  2.6174e-18,  2.9854e-07,
        -2.1056e-06, -3.2933e-15,  1.0104e-05,  1.6272e-14, -5.9667e-19,
         5.3625e-39, -7.3428e-09, -1.7883e-07, -5.0532e-17, -2.8888e-11,
         2.7225e-07, -4.2776e-06,  2.1296e-09,  4.6023e-39, -7.3994e-15,
        -2.4505e-39,  6.7268e-39,  3.6641e-08, -3.6928e-39,  2.4564e-07,
        -3.8856e-06,  7.6055e-18, -1.1889e-24,  1.3147e-39,  1.2378e-06,
         9.5461e-07,  7.8192e-06, -4.1295e-39,  1.2739e-11,  5.4758e-39,
        -3.7872e-14,  2.8677e-07, -2.7497e-06, -2.4504e-39, -2.6462e-14,
        -1.0468e-39, -9.4617e-15,  7.0455e-12,  4.4471e-09, -3.0274e-17,
         2.8860e-34, -7.2055e-11,  5.1971e-06, -1.3921e-16, -8.8135e-40,
        -4.5636e-15, -5.2338e-07,  5.8694e-06, -1.6433e-39,  6.4507e-06,
        -1.8388e-06, -5.8883e-12, -1.2012e-08, -1.0115e-09, -1.5257e-07,
        -7.9725e-06,  2.9903e-06,  4.1118e-07,  4.6978e-39,  2.5773e-06,
        -1.2539e-09,  1.2394e-09, -2.8890e-39, -1.1179e-09, -2.1719e-12,
        -1.2941e-06, -6.4757e-15, -9.8839e-06, -4.1222e-06, -6.0114e-26,
         1.0080e-05, -5.9962e-34, -1.0749e-08,  4.4285e-08,  4.4348e-18,
         1.3783e-07,  8.3208e-22,  3.9406e-39, -9.9224e-07,  6.6686e-39,
         6.2107e-39,  1.7322e-39, -1.9986e-06, -6.8794e-07,  4.8031e-07,
         4.5081e-40,  3.2206e-10,  3.5678e-39, -2.1492e-11,  2.5969e-11,
        -7.8542e-09, -9.7005e-12,  4.7556e-39,  4.1296e-11, -1.3124e-23,
        -3.9851e-31,  4.0753e-06, -3.7052e-34, -8.6414e-07, -1.9242e-08,
        -1.5062e-10, -3.3769e-16, -2.1385e-06,  4.0438e-07, -2.1406e-12,
         7.8440e-09, -4.3121e-10,  9.3635e-07,  1.6790e-39,  1.8891e-08,
        -1.6995e-10, -2.2787e-11,  2.0181e-25,  4.6192e-10, -1.1403e-09,
        -4.1980e-16, -1.3349e-08, -1.6910e-09,  7.6378e-13,  1.2517e-39,
         5.9630e-23,  1.2729e-22,  7.1349e-40, -7.1863e-07, -3.7168e-39,
        -1.2126e-16,  2.3951e-24, -3.3835e-12, -6.4695e-39, -1.5340e-23,
        -1.3480e-08, -5.3371e-39,  5.2357e-19,  8.8662e-40,  4.9267e-39,
         2.1560e-12, -5.4389e-39, -4.6477e-17, -1.2441e-29, -6.9097e-40,
         1.9047e-39], device='cuda:0')), ('gconv1.mlp_coord_ncov.0.weight', tensor([[ 6.1489e-04, -2.0824e-03, -4.9267e-28,  ...,  6.3227e-05,
          1.7897e-02, -2.3690e-24],
        [-3.1264e-39,  4.9821e-39,  1.2289e-39,  ..., -3.1482e-22,
         -4.7357e-04, -1.4937e-02],
        [-3.3792e-23,  1.6432e-05, -2.5725e-08,  ..., -1.9845e-02,
          2.5304e-04,  6.8036e-39],
        ...,
        [-5.5173e-08, -2.3380e-01,  8.1675e-40,  ...,  1.3939e-01,
          4.0979e-23, -9.1623e-39],
        [-5.2372e-39, -2.4829e-07,  9.3594e-28,  ..., -6.1507e-10,
          1.1505e-01,  4.3495e-24],
        [-6.5493e-04,  1.1950e-36,  5.3787e-03,  ...,  5.1383e-39,
         -3.4825e-05,  2.2197e-02]], device='cuda:0')), ('gconv1.mlp_coord_ncov.0.bias', tensor([-4.1999e-08, -6.1131e-08, -9.1367e-12, -5.7517e-39, -5.0657e-29,
        -3.5851e-14, -7.7937e-07,  1.4369e-13,  5.5326e-34, -1.7718e-09,
         7.2109e-15, -2.9328e-10,  1.7660e-25, -5.3746e-31,  3.8533e-16,
        -1.7863e-39, -4.1343e-10,  2.0775e-39,  4.9659e-39, -3.9185e-10,
        -1.4920e-09, -4.9612e-39, -1.4390e-28,  4.4071e-34, -9.7770e-21,
        -2.7008e-40, -5.3390e-39, -1.3944e-06, -4.3214e-39, -4.9586e-39,
        -2.8193e-40,  1.5538e-29, -4.4811e-06,  4.8935e-39, -2.1653e-31,
         2.1714e-13, -2.0922e-19,  1.0384e-35, -3.6897e-13,  9.2097e-40,
        -2.3331e-21, -6.4445e-34, -2.6335e-22, -1.9544e-08, -5.1983e-08,
         2.4236e-06, -1.2874e-26,  2.4984e-39,  2.0231e-10, -5.0578e-18,
         4.0041e-26, -5.2112e-11,  3.2990e-14, -8.0853e-14,  3.1956e-06,
         6.8229e-39,  8.3960e-11,  1.3391e-08,  5.9584e-10,  1.2558e-13,
        -4.3202e-10,  3.9346e-07, -1.8929e-09, -4.1041e-07, -6.5666e-10,
        -4.8542e-06, -9.0171e-10, -3.1045e-06,  8.6036e-06,  3.1178e-39,
         2.9088e-14, -6.1867e-11,  2.3893e-11, -7.1372e-15, -8.2565e-19,
         3.7210e-06,  4.2078e-06, -2.7981e-08,  3.6159e-12,  2.8923e-39,
        -2.6489e-11, -1.7339e-07,  4.8560e-15, -2.7815e-28, -8.9945e-12,
        -1.0226e-22,  4.7921e-39,  1.1253e-36, -6.4856e-39,  5.9111e-40,
        -4.5021e-06,  1.0017e-05, -2.6790e-15,  4.1114e-08,  1.3523e-39,
        -2.4629e-40, -1.6977e-39, -2.7160e-06,  9.8697e-20,  9.0396e-16,
         3.7244e-12,  8.0808e-11, -3.2671e-12, -1.4574e-17, -5.8904e-39,
        -2.1053e-14,  1.1613e-39, -6.1907e-15, -2.6116e-06, -3.6505e-31,
         1.4221e-16,  1.0308e-09, -7.3726e-07,  1.2392e-38,  1.4083e-14,
         1.0055e-12,  3.7412e-11,  6.8608e-06, -1.3977e-07,  5.3406e-40,
        -4.6107e-18,  9.5995e-07, -2.8108e-11,  7.0370e-07,  7.9186e-06,
         4.2190e-40, -4.2486e-26, -5.2028e-06, -6.3854e-06, -1.4995e-06,
         4.0629e-12, -1.1854e-08,  4.6570e-39,  7.7080e-09,  5.8558e-13,
         3.7844e-39,  2.0957e-39, -9.9676e-06, -1.1027e-05,  8.0414e-11,
         6.0877e-10, -3.6626e-39,  1.1118e-39,  5.4299e-07,  6.6626e-13,
        -5.3569e-39, -1.5099e-10,  9.5697e-10,  6.8255e-08, -5.6186e-39,
         1.2510e-24,  1.5712e-34,  1.4816e-15, -1.0684e-06,  8.7098e-09,
         6.0541e-09, -6.9508e-39, -6.8995e-07, -3.1844e-22,  3.2241e-41,
        -2.4350e-13, -3.8610e-39, -2.8364e-07,  3.3781e-09, -5.0373e-13,
         8.7081e-07, -2.9650e-07,  7.6430e-12, -3.3001e-18,  1.5800e-15,
         2.1675e-07,  1.5941e-16, -2.1244e-12,  5.7413e-16, -1.7979e-06,
         6.2559e-08, -2.6665e-06,  6.9989e-06, -1.2639e-09, -6.4233e-06,
        -6.9398e-09,  1.2115e-13, -5.1292e-08, -5.3733e-34, -1.3965e-23,
        -5.6385e-08,  3.8534e-19,  5.7542e-14, -2.1945e-39,  4.2648e-40,
         1.8865e-20,  6.3767e-33, -1.4314e-21, -1.1091e-07,  4.3613e-40,
         4.4043e-14,  9.9727e-18, -3.4667e-39, -2.6702e-09, -8.8295e-11,
        -3.8546e-39, -8.0701e-13, -8.8212e-22, -8.9183e-08, -1.0199e-39,
        -4.0884e-39, -4.5992e-16, -1.5083e-07, -2.7681e-11, -2.3508e-20,
        -2.8855e-07, -3.0503e-08, -2.8759e-39,  3.2618e-11, -5.1638e-39,
         6.7890e-39,  2.5826e-18, -2.2600e-09, -6.7256e-08, -1.1541e-08,
         9.2989e-11, -9.8570e-40,  1.1364e-39, -6.6627e-09, -1.2156e-14,
        -2.7141e-39,  4.1365e-07,  6.8292e-07, -2.4849e-36,  1.1589e-07,
         9.8530e-11, -2.4059e-07, -1.2990e-05,  1.6464e-06,  1.2971e-05,
         2.4470e-34,  3.8701e-39, -9.3746e-13, -6.2645e-06, -2.4838e-20,
         2.6557e-39, -9.9903e-15,  8.7993e-23,  3.0646e-38,  4.0036e-39,
         4.3808e-11, -5.3501e-39,  1.8849e-18,  4.1137e-35, -2.4780e-40,
        -1.1537e-18, -1.5177e-17,  3.7111e-13,  2.5770e-23,  3.5600e-17,
        -1.6505e-10], device='cuda:0')), ('gconv2.mlp_node_cov.0.weight', tensor([[-6.4485e-39,  6.2899e-39, -5.0938e-18,  ...,  5.8313e-18,
          2.5186e-38,  6.3350e-26],
        [ 1.6426e-39,  5.6081e-28,  1.1357e-11,  ..., -4.1664e-27,
          4.2041e-18,  2.1514e-39],
        [-3.3438e-39,  3.3378e-12,  3.4726e-39,  ..., -1.8536e-18,
         -1.1264e-38, -4.3425e-12],
        ...,
        [ 4.6447e-39, -6.8949e-39, -3.2015e-40,  ...,  2.1554e-40,
         -2.4860e-26, -5.8710e-39],
        [-6.3799e-39,  4.9060e-39, -3.2070e-39,  ..., -8.0078e-40,
         -1.3558e-39,  7.4661e-25],
        [ 3.6651e-39, -3.6156e-39, -6.1290e-40,  ...,  2.6827e-39,
          3.2022e-39,  2.4490e-39]], device='cuda:0')), ('gconv2.mlp_node_cov.0.bias', tensor([-5.1996e-39,  5.4975e-39, -4.7161e-39,  4.7252e-40,  1.8623e-39,
        -6.6553e-39, -1.4283e-39, -3.7337e-39, -5.8114e-39,  1.4421e-39,
        -1.4570e-39, -3.6376e-39, -5.9592e-39, -3.2327e-39,  2.8935e-39,
        -1.7962e-39,  2.1281e-39,  6.6970e-39,  3.2994e-39,  9.1954e-40,
         4.1887e-39, -2.9703e-39,  4.9574e-39, -3.4563e-39,  1.6900e-39,
         3.4785e-39, -2.9043e-39,  9.4002e-40, -8.8573e-41,  2.9115e-39,
        -4.5946e-39, -2.4028e-39,  2.7841e-39,  5.9148e-39,  7.3755e-40,
        -3.4505e-39,  3.4927e-39, -3.8839e-39, -8.4530e-40,  1.6548e-39,
        -5.2016e-39,  1.7548e-39,  4.0676e-39, -6.7416e-39,  4.4342e-39,
         8.2934e-40, -5.8275e-39,  2.2979e-39,  1.7654e-39,  6.7052e-39,
        -5.2373e-39, -2.2368e-39,  5.9291e-39, -6.6366e-39, -5.1469e-39,
        -3.9388e-40,  5.8369e-39,  6.7418e-39,  4.0633e-39, -4.9813e-39,
         3.6361e-39, -4.3794e-40, -4.2885e-39,  6.3580e-39,  9.0071e-40,
        -6.5770e-39,  6.4086e-39, -6.5835e-39, -5.8757e-40,  4.8810e-39,
        -6.7547e-39,  4.8815e-39, -1.6582e-39, -5.1628e-39,  6.6905e-39,
        -4.3888e-39,  3.9526e-39, -1.1545e-39, -1.4705e-39,  2.7471e-39,
        -3.1701e-39, -6.1005e-39, -3.4184e-39,  6.6236e-39, -4.2316e-41,
         1.7446e-39,  2.2562e-40, -1.8959e-39,  4.4545e-39, -3.0744e-39,
         5.1847e-39,  6.5749e-39, -1.8576e-40, -4.1635e-39, -5.1400e-39,
        -5.8963e-39, -5.3629e-39,  2.8056e-39, -8.7565e-40,  4.2491e-39,
        -2.8443e-39, -2.9865e-39, -3.0883e-39,  4.4135e-39,  6.1866e-39,
         2.7738e-39, -3.2110e-39,  4.1454e-39, -5.5414e-39,  6.8752e-39,
        -2.1869e-39,  4.8373e-39, -6.7553e-39,  6.4832e-39, -4.7015e-40,
        -7.9919e-40, -3.9550e-39, -5.8144e-39,  2.6221e-39,  1.3247e-39,
        -4.1120e-39,  1.3763e-39, -6.1758e-39, -5.4196e-39,  5.8886e-39,
         6.8153e-39,  3.9821e-39,  2.3358e-39, -3.3182e-39, -8.8036e-40,
        -1.4956e-39, -2.0091e-39, -6.7195e-39, -3.4775e-40, -6.3879e-39,
        -1.4494e-39,  3.3221e-39,  5.9219e-40, -3.7677e-39, -2.7529e-39,
        -1.5137e-39, -4.2711e-39, -5.4402e-39, -4.9344e-39, -3.8805e-39,
        -2.6310e-39,  5.9434e-39,  1.3975e-39, -5.5469e-39, -3.1052e-39,
         6.6181e-39,  3.6154e-39, -5.0379e-40,  1.3001e-39, -6.6739e-39,
        -9.8805e-40, -1.6419e-39, -2.4936e-39, -6.5550e-39,  6.7552e-39,
         5.6508e-39, -2.0185e-39, -6.4205e-39,  5.7854e-39, -1.1853e-39,
        -2.7684e-39,  5.5303e-39,  6.7896e-39, -3.1844e-39, -6.6781e-39,
         6.4406e-39, -4.6013e-39, -4.4916e-39, -4.8854e-39,  2.2427e-39,
        -3.4965e-39,  2.8466e-39, -6.8337e-39, -4.4508e-39,  7.2712e-40,
         3.4803e-39,  1.3402e-39, -2.6348e-39,  6.6096e-39,  3.1031e-39,
         3.1910e-39,  5.6326e-39, -5.8820e-39, -1.1003e-39,  9.3647e-40,
         3.4179e-41, -6.5658e-39, -3.2084e-39, -3.2271e-39,  6.0927e-39,
        -2.2038e-39, -6.0881e-40,  3.2914e-39, -1.6516e-39,  2.9913e-39,
         8.8554e-40,  2.4750e-39, -3.5622e-39, -5.6972e-39,  1.4311e-39,
        -5.3848e-39, -1.0756e-39,  1.7326e-39, -2.2062e-39,  4.5239e-39,
         4.7434e-39,  5.4007e-39,  3.6778e-39, -1.1556e-39, -4.1096e-39,
         6.7032e-39, -8.9432e-41, -3.2346e-40,  6.4602e-39, -1.5231e-39,
        -1.4124e-39, -1.8753e-39, -6.8748e-39, -4.2889e-39,  2.2445e-39,
         2.2930e-40, -2.4845e-39,  4.4825e-39, -7.9326e-40,  1.8183e-39,
        -2.6804e-39,  5.9793e-39,  8.9291e-40,  3.2634e-39, -4.2095e-39,
         4.4949e-39,  2.8704e-39,  1.7007e-39, -2.5228e-39,  5.9020e-39,
        -3.3461e-39, -2.1930e-39, -6.6832e-39, -3.9477e-39,  6.6418e-39,
         5.6834e-39, -2.1682e-39, -5.8933e-39, -2.4813e-39,  6.7813e-39,
        -3.3543e-41, -2.9929e-39, -2.0118e-39,  3.7951e-40,  3.3332e-39,
         1.5125e-39], device='cuda:0')), ('gconv2.mlp_node_cov.3.weight', tensor([0.1458, 0.1458, 0.1458, 0.1458, 0.1458, 0.1458, 0.1458, 0.1458, 0.1458,
        0.1458, 0.1458, 0.1458, 0.1458, 0.1458, 0.1458, 0.1458, 0.1458, 0.1458,
        0.1458, 0.1458, 0.1458, 0.1458, 0.1458, 0.1458, 0.1458, 0.1458, 0.1458,
        0.1458, 0.1458, 0.1458, 0.1458, 0.1458, 0.1458, 0.1458, 0.1458, 0.1458,
        0.1458, 0.1458, 0.1458, 0.1458, 0.1458, 0.1458, 0.1458, 0.1458, 0.1458,
        0.1458, 0.1458, 0.1458, 0.1458, 0.1458, 0.1458, 0.1458, 0.1458, 0.1458,
        0.1458, 0.1458, 0.1458, 0.1458, 0.1458, 0.1458, 0.1458, 0.1458, 0.1458,
        0.1458, 0.1458, 0.1458, 0.1458, 0.1458, 0.1458, 0.1458, 0.1458, 0.1458,
        0.1458, 0.1458, 0.1458, 0.1458, 0.1458, 0.1458, 0.1458, 0.1458, 0.1458,
        0.1458, 0.1458, 0.1458, 0.1458, 0.1458, 0.1458, 0.1458, 0.1458, 0.1458,
        0.1458, 0.1458, 0.1458, 0.1458, 0.1458, 0.1458, 0.1458, 0.1458, 0.1458,
        0.1458, 0.1458, 0.1458, 0.1458, 0.1458, 0.1458, 0.1458, 0.1458, 0.1458,
        0.1458, 0.1458, 0.1458, 0.1458, 0.1458, 0.1458, 0.1458, 0.1458, 0.1458,
        0.1458, 0.1458, 0.1458, 0.1458, 0.1458, 0.1458, 0.1458, 0.1458, 0.1458,
        0.1458, 0.1458, 0.1458, 0.1458, 0.1458, 0.1458, 0.1458, 0.1458, 0.1458,
        0.1458, 0.1458, 0.1458, 0.1458, 0.1458, 0.1458, 0.1458, 0.1458, 0.1458,
        0.1458, 0.1458, 0.1458, 0.1458, 0.1458, 0.1458, 0.1458, 0.1458, 0.1458,
        0.1458, 0.1458, 0.1458, 0.1458, 0.1458, 0.1458, 0.1458, 0.1458, 0.1458,
        0.1458, 0.1458, 0.1458, 0.1458, 0.1458, 0.1458, 0.1458, 0.1458, 0.1458,
        0.1458, 0.1458, 0.1458, 0.1458, 0.1458, 0.1458, 0.1458, 0.1458, 0.1458,
        0.1458, 0.1458, 0.1458, 0.1458, 0.1458, 0.1458, 0.1458, 0.1458, 0.1458,
        0.1458, 0.1458, 0.1458, 0.1458, 0.1458, 0.1458, 0.1458, 0.1458, 0.1458,
        0.1458, 0.1458, 0.1458, 0.1458, 0.1458, 0.1458, 0.1458, 0.1458, 0.1458,
        0.1458, 0.1458, 0.1458, 0.1458, 0.1458, 0.1458, 0.1458, 0.1458, 0.1458,
        0.1458, 0.1458, 0.1458, 0.1458, 0.1458, 0.1458, 0.1458, 0.1458, 0.1458,
        0.1458, 0.1458, 0.1458, 0.1458, 0.1458, 0.1458, 0.1458, 0.1458, 0.1458,
        0.1458, 0.1458, 0.1458, 0.1458, 0.1458, 0.1458, 0.1458, 0.1458, 0.1458,
        0.1458, 0.1458, 0.1458, 0.1458, 0.1458, 0.1458, 0.1458, 0.1458, 0.1458,
        0.1458, 0.1458, 0.1458, 0.1458], device='cuda:0')), ('gconv2.mlp_node_cov.3.bias', tensor([0., 0., 0., 0., 0., 0., 0., 0., 0., 0., 0., 0., 0., 0., 0., 0., 0., 0., 0., 0., 0., 0., 0., 0.,
        0., 0., 0., 0., 0., 0., 0., 0., 0., 0., 0., 0., 0., 0., 0., 0., 0., 0., 0., 0., 0., 0., 0., 0.,
        0., 0., 0., 0., 0., 0., 0., 0., 0., 0., 0., 0., 0., 0., 0., 0., 0., 0., 0., 0., 0., 0., 0., 0.,
        0., 0., 0., 0., 0., 0., 0., 0., 0., 0., 0., 0., 0., 0., 0., 0., 0., 0., 0., 0., 0., 0., 0., 0.,
        0., 0., 0., 0., 0., 0., 0., 0., 0., 0., 0., 0., 0., 0., 0., 0., 0., 0., 0., 0., 0., 0., 0., 0.,
        0., 0., 0., 0., 0., 0., 0., 0., 0., 0., 0., 0., 0., 0., 0., 0., 0., 0., 0., 0., 0., 0., 0., 0.,
        0., 0., 0., 0., 0., 0., 0., 0., 0., 0., 0., 0., 0., 0., 0., 0., 0., 0., 0., 0., 0., 0., 0., 0.,
        0., 0., 0., 0., 0., 0., 0., 0., 0., 0., 0., 0., 0., 0., 0., 0., 0., 0., 0., 0., 0., 0., 0., 0.,
        0., 0., 0., 0., 0., 0., 0., 0., 0., 0., 0., 0., 0., 0., 0., 0., 0., 0., 0., 0., 0., 0., 0., 0.,
        0., 0., 0., 0., 0., 0., 0., 0., 0., 0., 0., 0., 0., 0., 0., 0., 0., 0., 0., 0., 0., 0., 0., 0.,
        0., 0., 0., 0., 0., 0., 0., 0., 0., 0., 0., 0., 0., 0., 0., 0.],
       device='cuda:0')), ('gconv2.mlp_node_cov.3.running_mean', tensor([0., 0., 0., 0., 0., 0., 0., 0., 0., 0., 0., 0., 0., 0., 0., 0., 0., 0., 0., 0., 0., 0., 0., 0.,
        0., 0., 0., 0., 0., 0., 0., 0., 0., 0., 0., 0., 0., 0., 0., 0., 0., 0., 0., 0., 0., 0., 0., 0.,
        0., 0., 0., 0., 0., 0., 0., 0., 0., 0., 0., 0., 0., 0., 0., 0., 0., 0., 0., 0., 0., 0., 0., 0.,
        0., 0., 0., 0., 0., 0., 0., 0., 0., 0., 0., 0., 0., 0., 0., 0., 0., 0., 0., 0., 0., 0., 0., 0.,
        0., 0., 0., 0., 0., 0., 0., 0., 0., 0., 0., 0., 0., 0., 0., 0., 0., 0., 0., 0., 0., 0., 0., 0.,
        0., 0., 0., 0., 0., 0., 0., 0., 0., 0., 0., 0., 0., 0., 0., 0., 0., 0., 0., 0., 0., 0., 0., 0.,
        0., 0., 0., 0., 0., 0., 0., 0., 0., 0., 0., 0., 0., 0., 0., 0., 0., 0., 0., 0., 0., 0., 0., 0.,
        0., 0., 0., 0., 0., 0., 0., 0., 0., 0., 0., 0., 0., 0., 0., 0., 0., 0., 0., 0., 0., 0., 0., 0.,
        0., 0., 0., 0., 0., 0., 0., 0., 0., 0., 0., 0., 0., 0., 0., 0., 0., 0., 0., 0., 0., 0., 0., 0.,
        0., 0., 0., 0., 0., 0., 0., 0., 0., 0., 0., 0., 0., 0., 0., 0., 0., 0., 0., 0., 0., 0., 0., 0.,
        0., 0., 0., 0., 0., 0., 0., 0., 0., 0., 0., 0., 0., 0., 0., 0.],
       device='cuda:0')), ('gconv2.mlp_node_cov.3.running_var', tensor([1., 1., 1., 1., 1., 1., 1., 1., 1., 1., 1., 1., 1., 1., 1., 1., 1., 1.,
        1., 1., 1., 1., 1., 1., 1., 1., 1., 1., 1., 1., 1., 1., 1., 1., 1., 1.,
        1., 1., 1., 1., 1., 1., 1., 1., 1., 1., 1., 1., 1., 1., 1., 1., 1., 1.,
        1., 1., 1., 1., 1., 1., 1., 1., 1., 1., 1., 1., 1., 1., 1., 1., 1., 1.,
        1., 1., 1., 1., 1., 1., 1., 1., 1., 1., 1., 1., 1., 1., 1., 1., 1., 1.,
        1., 1., 1., 1., 1., 1., 1., 1., 1., 1., 1., 1., 1., 1., 1., 1., 1., 1.,
        1., 1., 1., 1., 1., 1., 1., 1., 1., 1., 1., 1., 1., 1., 1., 1., 1., 1.,
        1., 1., 1., 1., 1., 1., 1., 1., 1., 1., 1., 1., 1., 1., 1., 1., 1., 1.,
        1., 1., 1., 1., 1., 1., 1., 1., 1., 1., 1., 1., 1., 1., 1., 1., 1., 1.,
        1., 1., 1., 1., 1., 1., 1., 1., 1., 1., 1., 1., 1., 1., 1., 1., 1., 1.,
        1., 1., 1., 1., 1., 1., 1., 1., 1., 1., 1., 1., 1., 1., 1., 1., 1., 1.,
        1., 1., 1., 1., 1., 1., 1., 1., 1., 1., 1., 1., 1., 1., 1., 1., 1., 1.,
        1., 1., 1., 1., 1., 1., 1., 1., 1., 1., 1., 1., 1., 1., 1., 1., 1., 1.,
        1., 1., 1., 1., 1., 1., 1., 1., 1., 1., 1., 1., 1., 1., 1., 1., 1., 1.,
        1., 1., 1., 1.], device='cuda:0')), ('gconv2.mlp_node_cov.3.num_batches_tracked', tensor(0, device='cuda:0')), ('gconv2.mlp_node_ncov.0.weight', tensor([[ 1.9507e-39, -2.5691e-39,  2.7378e-36,  ..., -1.2952e-39,
          4.4027e-39,  9.8364e-12],
        [ 3.1993e-14,  9.1917e-35,  3.9939e-39,  ..., -4.3249e-16,
          7.4212e-27,  6.9227e-11],
        [-1.1533e-13, -4.9269e-39,  4.0114e-39,  ...,  8.9200e-40,
         -5.6961e-39,  1.7179e-39],
        ...,
        [-5.0643e-39, -8.6047e-14,  1.0693e-39,  ...,  7.0494e-10,
          2.9545e-27, -1.5936e-39],
        [ 5.0570e-39, -2.4639e-39,  6.9044e-39,  ..., -2.9479e-24,
         -6.0289e-39, -5.4050e-13],
        [ 1.2428e-18,  6.1774e-39,  4.4777e-39,  ..., -1.4387e-09,
          8.3105e-17,  4.7446e-39]], device='cuda:0')), ('gconv2.mlp_node_ncov.0.bias', tensor([-2.3439e-39,  6.5025e-39,  2.5248e-39,  1.6738e-39, -1.0728e-39,
         2.8024e-39,  2.4127e-39,  2.8788e-39, -1.2831e-39, -4.7862e-39,
        -3.9631e-39,  2.7734e-39, -8.9045e-40,  3.9940e-39, -1.2714e-39,
         2.5250e-39, -3.8358e-40, -6.6210e-39,  6.6869e-39,  6.3937e-39,
        -1.5431e-39,  6.5916e-39, -3.0213e-39,  4.4637e-40, -4.6956e-39,
         6.1601e-39,  4.9256e-39, -4.1425e-39,  1.9000e-41,  6.5790e-39,
         4.5338e-39,  5.6730e-39, -2.5793e-39,  6.7399e-39,  2.3078e-39,
        -2.2018e-39, -3.4977e-39, -5.2896e-39, -6.0827e-39, -6.3767e-39,
        -5.5045e-40,  7.2473e-40, -2.8596e-39, -6.4616e-39, -4.5447e-40,
         1.5610e-39, -1.6849e-39,  7.0417e-40, -6.7395e-39,  5.7081e-39,
         6.4511e-39,  4.8384e-39, -9.6590e-41,  3.5377e-39, -4.3012e-39,
         5.3701e-39, -5.0342e-39, -4.5944e-39, -4.9359e-39,  3.7983e-39,
         6.5593e-39,  4.4121e-40,  2.4740e-39,  6.7331e-39,  5.2018e-39,
        -4.4388e-39,  7.8658e-40, -5.2876e-39,  4.3523e-39, -4.9911e-40,
         8.6399e-40,  6.6811e-39,  2.4283e-39, -1.1761e-39, -3.9137e-39,
         4.6492e-39, -4.1311e-39, -1.7858e-39,  3.0499e-39,  1.1130e-39,
        -6.2898e-40,  3.2952e-39,  4.2267e-39, -5.8954e-41, -5.0045e-39,
         3.0697e-39, -2.8694e-39, -5.6138e-40,  2.2647e-39,  6.3622e-39,
         1.7192e-39, -4.2865e-39,  4.7408e-39,  3.8519e-39,  4.7667e-39,
         8.9853e-40,  1.6482e-39,  2.1318e-39, -6.6511e-39,  3.8224e-39,
         3.6944e-39,  5.9768e-40,  5.2945e-39, -6.4584e-39, -5.1772e-39,
         1.0300e-39, -1.6608e-39, -3.3095e-39, -4.5891e-39,  2.4439e-39,
         4.5787e-39, -1.4671e-39,  1.8208e-39, -4.9175e-39, -3.5916e-39,
        -6.8147e-39,  2.6194e-40, -5.5588e-39, -6.8274e-39, -2.4836e-39,
         5.9490e-39, -4.2428e-39,  3.4273e-39,  1.1004e-40,  3.9817e-39,
        -5.1146e-39,  3.9704e-39,  2.4792e-39,  1.6072e-39, -2.7956e-39,
         4.2692e-39,  3.7292e-39,  6.4462e-39, -4.8966e-39, -5.6645e-39,
         1.5716e-40,  2.7409e-39, -2.6635e-39,  6.1913e-40,  1.3511e-39,
        -4.7676e-39,  6.6290e-39, -1.1704e-39, -5.3532e-39, -3.7406e-39,
         4.0688e-39,  2.9605e-39, -2.9745e-39,  3.7134e-39, -3.9989e-39,
         6.5176e-39,  4.7426e-39,  6.6939e-39, -1.8285e-39, -6.5352e-39,
        -4.7228e-39,  1.1162e-39,  2.4463e-39,  6.4392e-39,  4.8473e-39,
         2.2366e-39,  3.8780e-39, -6.1256e-39, -5.0270e-39,  3.4675e-39,
        -2.0088e-39, -6.1213e-39,  5.0453e-39, -6.7479e-39, -2.9067e-39,
         4.9816e-39, -2.7571e-39,  6.5096e-39,  4.4804e-39,  3.7016e-39,
        -2.3324e-39, -5.8639e-39, -5.3196e-39, -1.0115e-39, -1.7531e-39,
        -1.4933e-39,  1.0568e-39,  3.1376e-39, -1.2356e-39, -5.2265e-39,
         6.7695e-39,  3.5796e-39, -6.2921e-39,  6.0158e-39, -8.7517e-40,
         2.4784e-39, -3.4538e-39, -3.8464e-39, -4.9858e-39, -3.1607e-39,
         2.2515e-40,  4.7371e-39, -4.1239e-39,  6.8631e-39, -3.7618e-39,
         4.0956e-40, -6.6940e-39, -5.4048e-39,  6.9261e-39, -3.8860e-40,
         3.2139e-39,  5.8006e-39,  3.2430e-39, -9.0528e-40, -1.8610e-39,
        -5.0439e-39,  1.6377e-39,  3.4417e-39,  2.3626e-39, -4.6038e-39,
         3.9661e-39, -5.6065e-40, -6.0739e-39,  6.8661e-39, -5.5432e-39,
         1.4233e-39, -1.5270e-39,  2.8250e-39,  4.4716e-39, -8.9046e-40,
        -1.6731e-39, -6.7333e-39,  9.4910e-40, -1.3431e-39, -4.8632e-39,
         2.5724e-39, -4.2531e-39,  3.8562e-39, -3.8603e-39, -1.2026e-39,
        -1.3051e-39, -5.3859e-40,  2.0181e-39,  4.6392e-39, -6.3502e-39,
         1.0349e-39,  6.2451e-39, -8.4185e-40,  5.8696e-39, -6.1225e-39,
         2.5782e-39, -3.5130e-39,  2.2059e-39,  4.0190e-39,  3.0577e-39,
        -7.3070e-40,  6.7826e-39, -2.7054e-39, -7.3339e-40, -5.1917e-39,
        -9.4075e-40], device='cuda:0')), ('gconv2.mlp_node_ncov.3.weight', tensor([0.1458, 0.1458, 0.1458, 0.1458, 0.1458, 0.1458, 0.1458, 0.1458, 0.1458,
        0.1458, 0.1458, 0.1458, 0.1458, 0.1458, 0.1458, 0.1458, 0.1458, 0.1458,
        0.1458, 0.1458, 0.1458, 0.1458, 0.1458, 0.1458, 0.1458, 0.1458, 0.1458,
        0.1458, 0.1458, 0.1458, 0.1458, 0.1458, 0.1458, 0.1458, 0.1458, 0.1458,
        0.1458, 0.1458, 0.1458, 0.1458, 0.1458, 0.1458, 0.1458, 0.1458, 0.1458,
        0.1458, 0.1458, 0.1458, 0.1458, 0.1458, 0.1458, 0.1458, 0.1458, 0.1458,
        0.1458, 0.1458, 0.1458, 0.1458, 0.1458, 0.1458, 0.1458, 0.1458, 0.1458,
        0.1458, 0.1458, 0.1458, 0.1458, 0.1458, 0.1458, 0.1458, 0.1458, 0.1458,
        0.1458, 0.1458, 0.1458, 0.1458, 0.1458, 0.1458, 0.1458, 0.1458, 0.1458,
        0.1458, 0.1458, 0.1458, 0.1458, 0.1458, 0.1458, 0.1458, 0.1458, 0.1458,
        0.1458, 0.1458, 0.1458, 0.1458, 0.1458, 0.1458, 0.1458, 0.1458, 0.1458,
        0.1458, 0.1458, 0.1458, 0.1458, 0.1458, 0.1458, 0.1458, 0.1458, 0.1458,
        0.1458, 0.1458, 0.1458, 0.1458, 0.1458, 0.1458, 0.1458, 0.1458, 0.1458,
        0.1458, 0.1458, 0.1458, 0.1458, 0.1458, 0.1458, 0.1458, 0.1458, 0.1458,
        0.1458, 0.1458, 0.1458, 0.1458, 0.1458, 0.1458, 0.1458, 0.1458, 0.1458,
        0.1458, 0.1458, 0.1458, 0.1458, 0.1458, 0.1458, 0.1458, 0.1458, 0.1458,
        0.1458, 0.1458, 0.1458, 0.1458, 0.1458, 0.1458, 0.1458, 0.1458, 0.1458,
        0.1458, 0.1458, 0.1458, 0.1458, 0.1458, 0.1458, 0.1458, 0.1458, 0.1458,
        0.1458, 0.1458, 0.1458, 0.1458, 0.1458, 0.1458, 0.1458, 0.1458, 0.1458,
        0.1458, 0.1458, 0.1458, 0.1458, 0.1458, 0.1458, 0.1458, 0.1458, 0.1458,
        0.1458, 0.1458, 0.1458, 0.1458, 0.1458, 0.1458, 0.1458, 0.1458, 0.1458,
        0.1458, 0.1458, 0.1458, 0.1458, 0.1458, 0.1458, 0.1458, 0.1458, 0.1458,
        0.1458, 0.1458, 0.1458, 0.1458, 0.1458, 0.1458, 0.1458, 0.1458, 0.1458,
        0.1458, 0.1458, 0.1458, 0.1458, 0.1458, 0.1458, 0.1458, 0.1458, 0.1458,
        0.1458, 0.1458, 0.1458, 0.1458, 0.1458, 0.1458, 0.1458, 0.1458, 0.1458,
        0.1458, 0.1458, 0.1458, 0.1458, 0.1458, 0.1458, 0.1458, 0.1458, 0.1458,
        0.1458, 0.1458, 0.1458, 0.1458, 0.1458, 0.1458, 0.1458, 0.1458, 0.1458,
        0.1458, 0.1458, 0.1458, 0.1458, 0.1458, 0.1458, 0.1458, 0.1458, 0.1458,
        0.1458, 0.1458, 0.1458, 0.1458], device='cuda:0')), ('gconv2.mlp_node_ncov.3.bias', tensor([0., 0., 0., 0., 0., 0., 0., 0., 0., 0., 0., 0., 0., 0., 0., 0., 0., 0., 0., 0., 0., 0., 0., 0.,
        0., 0., 0., 0., 0., 0., 0., 0., 0., 0., 0., 0., 0., 0., 0., 0., 0., 0., 0., 0., 0., 0., 0., 0.,
        0., 0., 0., 0., 0., 0., 0., 0., 0., 0., 0., 0., 0., 0., 0., 0., 0., 0., 0., 0., 0., 0., 0., 0.,
        0., 0., 0., 0., 0., 0., 0., 0., 0., 0., 0., 0., 0., 0., 0., 0., 0., 0., 0., 0., 0., 0., 0., 0.,
        0., 0., 0., 0., 0., 0., 0., 0., 0., 0., 0., 0., 0., 0., 0., 0., 0., 0., 0., 0., 0., 0., 0., 0.,
        0., 0., 0., 0., 0., 0., 0., 0., 0., 0., 0., 0., 0., 0., 0., 0., 0., 0., 0., 0., 0., 0., 0., 0.,
        0., 0., 0., 0., 0., 0., 0., 0., 0., 0., 0., 0., 0., 0., 0., 0., 0., 0., 0., 0., 0., 0., 0., 0.,
        0., 0., 0., 0., 0., 0., 0., 0., 0., 0., 0., 0., 0., 0., 0., 0., 0., 0., 0., 0., 0., 0., 0., 0.,
        0., 0., 0., 0., 0., 0., 0., 0., 0., 0., 0., 0., 0., 0., 0., 0., 0., 0., 0., 0., 0., 0., 0., 0.,
        0., 0., 0., 0., 0., 0., 0., 0., 0., 0., 0., 0., 0., 0., 0., 0., 0., 0., 0., 0., 0., 0., 0., 0.,
        0., 0., 0., 0., 0., 0., 0., 0., 0., 0., 0., 0., 0., 0., 0., 0.],
       device='cuda:0')), ('gconv2.mlp_node_ncov.3.running_mean', tensor([0., 0., 0., 0., 0., 0., 0., 0., 0., 0., 0., 0., 0., 0., 0., 0., 0., 0., 0., 0., 0., 0., 0., 0.,
        0., 0., 0., 0., 0., 0., 0., 0., 0., 0., 0., 0., 0., 0., 0., 0., 0., 0., 0., 0., 0., 0., 0., 0.,
        0., 0., 0., 0., 0., 0., 0., 0., 0., 0., 0., 0., 0., 0., 0., 0., 0., 0., 0., 0., 0., 0., 0., 0.,
        0., 0., 0., 0., 0., 0., 0., 0., 0., 0., 0., 0., 0., 0., 0., 0., 0., 0., 0., 0., 0., 0., 0., 0.,
        0., 0., 0., 0., 0., 0., 0., 0., 0., 0., 0., 0., 0., 0., 0., 0., 0., 0., 0., 0., 0., 0., 0., 0.,
        0., 0., 0., 0., 0., 0., 0., 0., 0., 0., 0., 0., 0., 0., 0., 0., 0., 0., 0., 0., 0., 0., 0., 0.,
        0., 0., 0., 0., 0., 0., 0., 0., 0., 0., 0., 0., 0., 0., 0., 0., 0., 0., 0., 0., 0., 0., 0., 0.,
        0., 0., 0., 0., 0., 0., 0., 0., 0., 0., 0., 0., 0., 0., 0., 0., 0., 0., 0., 0., 0., 0., 0., 0.,
        0., 0., 0., 0., 0., 0., 0., 0., 0., 0., 0., 0., 0., 0., 0., 0., 0., 0., 0., 0., 0., 0., 0., 0.,
        0., 0., 0., 0., 0., 0., 0., 0., 0., 0., 0., 0., 0., 0., 0., 0., 0., 0., 0., 0., 0., 0., 0., 0.,
        0., 0., 0., 0., 0., 0., 0., 0., 0., 0., 0., 0., 0., 0., 0., 0.],
       device='cuda:0')), ('gconv2.mlp_node_ncov.3.running_var', tensor([1., 1., 1., 1., 1., 1., 1., 1., 1., 1., 1., 1., 1., 1., 1., 1., 1., 1.,
        1., 1., 1., 1., 1., 1., 1., 1., 1., 1., 1., 1., 1., 1., 1., 1., 1., 1.,
        1., 1., 1., 1., 1., 1., 1., 1., 1., 1., 1., 1., 1., 1., 1., 1., 1., 1.,
        1., 1., 1., 1., 1., 1., 1., 1., 1., 1., 1., 1., 1., 1., 1., 1., 1., 1.,
        1., 1., 1., 1., 1., 1., 1., 1., 1., 1., 1., 1., 1., 1., 1., 1., 1., 1.,
        1., 1., 1., 1., 1., 1., 1., 1., 1., 1., 1., 1., 1., 1., 1., 1., 1., 1.,
        1., 1., 1., 1., 1., 1., 1., 1., 1., 1., 1., 1., 1., 1., 1., 1., 1., 1.,
        1., 1., 1., 1., 1., 1., 1., 1., 1., 1., 1., 1., 1., 1., 1., 1., 1., 1.,
        1., 1., 1., 1., 1., 1., 1., 1., 1., 1., 1., 1., 1., 1., 1., 1., 1., 1.,
        1., 1., 1., 1., 1., 1., 1., 1., 1., 1., 1., 1., 1., 1., 1., 1., 1., 1.,
        1., 1., 1., 1., 1., 1., 1., 1., 1., 1., 1., 1., 1., 1., 1., 1., 1., 1.,
        1., 1., 1., 1., 1., 1., 1., 1., 1., 1., 1., 1., 1., 1., 1., 1., 1., 1.,
        1., 1., 1., 1., 1., 1., 1., 1., 1., 1., 1., 1., 1., 1., 1., 1., 1., 1.,
        1., 1., 1., 1., 1., 1., 1., 1., 1., 1., 1., 1., 1., 1., 1., 1., 1., 1.,
        1., 1., 1., 1.], device='cuda:0')), ('gconv2.mlp_node_ncov.3.num_batches_tracked', tensor(0, device='cuda:0')), ('gconv2.mlp_coord_cov.0.weight', tensor([[-4.8785e-39,  2.2610e-04, -1.5440e-03,  ...,  2.6088e-02,
         -1.2459e-02, -4.0012e-06],
        [-8.0864e-16, -2.0542e-03, -1.8968e-02,  ..., -1.0771e-02,
         -9.9559e-08, -4.6115e-04],
        [-2.0462e-39, -1.1033e-04, -1.6213e-04,  ..., -3.2059e-11,
         -5.8512e-04, -8.0192e-05],
        ...,
        [ 1.2513e-02,  4.0264e-04,  1.5216e-02,  ...,  3.4583e-10,
          1.8251e-03, -1.3299e-01],
        [ 3.3495e-03, -2.8949e-04,  4.7251e-02,  ..., -4.2023e-05,
         -1.8954e-05, -1.0809e-01],
        [-1.4342e-23,  2.4142e-01,  4.0515e-08,  ..., -2.7170e-08,
          1.5071e-01,  1.7480e-15]], device='cuda:0')), ('gconv2.mlp_coord_cov.0.bias', tensor([-8.0470e-11, -6.8711e-12,  1.3288e-39, -6.5133e-08, -7.7617e-06,
         3.1583e-39, -9.4644e-11,  1.2873e-09,  2.4738e-36,  2.6384e-11,
        -4.2320e-09, -1.9252e-06,  1.1903e-15, -1.5927e-17,  3.0984e-14,
        -9.7550e-32, -9.9130e-06, -2.4059e-14,  3.5881e-40,  4.4719e-31,
        -9.8644e-08,  5.5718e-06, -9.3975e-16, -1.7909e-13,  6.5925e-08,
        -3.9153e-39, -5.8006e-13,  6.0769e-07, -6.5715e-34,  9.4339e-07,
        -1.0968e-09,  1.2386e-13,  5.2935e-12,  3.4784e-07, -1.1022e-05,
         1.3880e-05,  1.6121e-39, -5.7827e-08,  6.2589e-39, -5.9719e-39,
        -5.5819e-06, -6.7890e-11, -1.8835e-06, -2.2301e-20,  1.1145e-06,
        -2.0417e-29, -2.7588e-06, -1.8835e-10, -5.3787e-12, -1.6193e-39,
         2.8466e-39,  1.6457e-20, -8.4315e-26, -8.0949e-07,  1.2009e-10,
         1.0577e-16,  2.9995e-06,  1.3818e-09,  1.8115e-12,  6.1017e-39,
        -8.8937e-15, -4.9819e-19, -6.5096e-06,  1.3689e-17, -7.5039e-11,
        -4.2001e-07,  3.9164e-16,  1.3078e-28,  3.4432e-18,  2.7710e-13,
        -1.7884e-06, -3.4966e-39, -9.1798e-08, -9.3586e-09, -1.3510e-11,
         4.9929e-08, -2.5460e-07,  9.6803e-12, -4.6674e-40,  7.0532e-07,
         2.3493e-17, -5.7131e-08,  6.4761e-07, -5.9468e-40, -4.8652e-39,
        -7.4560e-16, -7.4784e-08,  3.5625e-07, -6.8848e-16, -2.8293e-39,
         5.0365e-39,  2.9861e-09,  8.1637e-40,  1.2412e-11,  3.9205e-39,
         4.7221e-15,  1.4739e-06, -9.8745e-22,  8.9079e-07,  4.9020e-39,
         3.1756e-26,  1.6885e-06, -5.4890e-39,  1.4533e-12,  1.4698e-08,
        -1.6644e-24,  2.2026e-39,  2.6363e-06, -4.5332e-32,  5.6428e-07,
        -3.0255e-07,  1.3720e-08, -3.3528e-28,  5.8759e-40, -9.8870e-11,
        -1.4635e-10, -6.9135e-06,  2.3140e-23,  8.5246e-12,  2.1760e-06,
         4.4905e-39,  4.6638e-22,  1.5313e-13, -1.3057e-10, -6.6873e-10,
         3.6557e-27,  1.1245e-05,  4.2573e-14, -8.8331e-06, -5.6267e-06,
         7.3165e-23,  9.6160e-15, -2.8331e-10,  1.8362e-20,  7.9219e-09,
        -8.8300e-37, -5.2209e-16, -2.5596e-08, -8.6199e-07,  8.6258e-09,
         6.7638e-39,  4.3338e-39, -2.9686e-29,  5.2021e-11, -1.5763e-35,
         1.3174e-39, -1.1001e-24, -6.6107e-39,  8.8303e-09,  1.2416e-39,
         1.9123e-09, -1.7143e-27,  3.6234e-07,  1.2576e-21, -6.5171e-39,
        -2.8287e-36, -8.3613e-19,  5.9267e-39,  2.7065e-13,  3.0499e-15,
         4.7377e-39,  1.5982e-17,  1.2710e-06,  3.1226e-39, -1.1773e-09,
        -1.5385e-12,  3.0203e-06, -1.3607e-06, -7.4182e-08, -1.8510e-13,
         1.1928e-09,  9.6256e-07,  2.1073e-06, -2.1565e-12,  1.4902e-07,
        -7.6105e-11, -6.2749e-06,  4.9618e-10, -2.9233e-09, -1.0949e-05,
        -1.8461e-29, -3.1872e-09,  1.3211e-08,  6.8754e-07,  9.4954e-14,
         2.2515e-13,  3.0145e-14,  4.0999e-18, -2.1273e-06, -4.4135e-07,
         5.3536e-39, -6.3823e-39,  6.5625e-07, -4.5275e-10, -1.1075e-06,
        -6.2966e-08,  4.6411e-39,  3.5410e-10, -4.1285e-09,  2.0979e-39,
        -3.8740e-39,  1.0836e-05,  1.8064e-39, -5.6108e-15, -1.4308e-16,
        -2.2668e-09, -1.9392e-18, -3.2889e-06, -6.6243e-19,  6.0324e-06,
         1.8672e-39, -4.1413e-39,  4.3578e-39, -2.1579e-20,  4.4570e-08,
        -3.8148e-12, -1.2111e-21,  2.0212e-09,  3.9160e-23,  2.0996e-07,
        -1.9998e-25,  1.6010e-07, -9.5357e-06,  2.8805e-14,  1.1672e-06,
        -7.4521e-13, -1.6099e-36, -4.3629e-06,  4.3659e-10,  5.2137e-31,
         1.5688e-39,  5.5270e-12,  3.4857e-06, -1.6876e-07,  3.5348e-09,
        -1.4686e-39,  9.5250e-08,  3.8216e-08,  5.8900e-06, -2.1873e-26,
        -9.6301e-17, -1.1033e-10, -9.7141e-08,  4.2129e-30, -2.9527e-09,
        -4.6602e-10, -2.8286e-12, -1.6068e-14, -1.0099e-19, -3.9970e-15,
        -6.6033e-09, -1.5186e-39, -3.1141e-39, -5.4156e-07,  1.8084e-08,
         3.1179e-39], device='cuda:0')), ('gconv2.mlp_coord_ncov.0.weight', tensor([[-6.3157e-05, -8.5780e-04,  3.4841e-03,  ..., -2.1997e-05,
          1.0043e-01, -1.6103e-10],
        [-2.0824e-02, -3.9388e-01, -1.0411e-03,  ..., -1.4071e-02,
          2.6332e-02,  1.4715e-05],
        [ 8.6959e-09, -1.7993e-05, -2.7761e-03,  ..., -4.5811e-39,
          2.9352e-39,  6.8904e-02],
        ...,
        [-2.0919e-23, -2.5160e-26,  2.1531e-11,  ...,  1.2622e-06,
          3.7806e-02, -1.1979e-02],
        [ 1.3307e-02,  1.8577e-06,  2.1340e-02,  ..., -3.8751e-04,
         -3.0667e-03,  7.8332e-19],
        [-1.3248e-05, -2.8398e-07,  3.6075e-03,  ...,  8.6299e-03,
          3.1484e-39, -8.1362e-37]], device='cuda:0')), ('gconv2.mlp_coord_ncov.0.bias', tensor([ 1.0991e-11,  9.5102e-07, -3.8204e-39, -2.2212e-08, -5.4227e-39,
         2.3651e-10, -5.1612e-34,  1.9813e-39, -3.9807e-07,  3.7927e-39,
        -1.4422e-39, -6.5221e-06, -1.1910e-10, -2.1899e-14,  3.2221e-15,
         7.7460e-17, -2.1900e-31,  6.8202e-06,  3.5817e-25,  6.7673e-39,
         2.7168e-06,  5.4941e-39, -1.1022e-22, -5.6821e-20,  1.5273e-13,
        -6.0624e-06,  5.3293e-10, -2.2169e-06,  1.3200e-10, -1.7408e-06,
        -5.0788e-19,  3.7154e-40, -7.5781e-40,  1.0174e-13,  4.6049e-40,
        -4.4645e-39,  1.1921e-05,  3.5858e-13,  1.4807e-09, -5.9124e-39,
         7.4744e-06, -4.9761e-09,  3.0765e-19,  1.6629e-27, -2.5199e-08,
         3.5818e-06, -1.1596e-19,  4.7373e-33,  2.2920e-13,  1.4786e-09,
         5.1981e-15, -5.0301e-23,  4.0184e-15, -1.9341e-13, -2.4778e-07,
         1.0777e-05, -3.8567e-22,  9.5723e-15, -3.5374e-14,  1.6886e-13,
        -6.5901e-09,  1.5690e-20,  4.0081e-39, -1.0372e-06,  1.6612e-10,
        -2.2540e-09, -2.1230e-39,  1.4387e-39,  4.8649e-31,  1.6728e-06,
        -6.4479e-40, -9.7702e-06,  1.9283e-11, -6.7871e-39,  2.0363e-07,
         7.2920e-28, -1.6126e-14,  2.9452e-18, -7.2703e-11, -4.3328e-09,
         1.5578e-13,  7.7437e-10,  2.3760e-21, -4.1032e-39,  5.9351e-39,
         5.1511e-39, -7.4821e-14,  7.1797e-09, -6.3060e-34,  3.8916e-33,
        -1.1831e-17, -3.9808e-27, -5.7907e-16,  2.1600e-07, -5.3066e-39,
         6.7062e-07, -2.2218e-07,  7.0569e-06, -1.4264e-39, -6.1026e-39,
        -1.1970e-10,  6.9265e-40, -7.2213e-09, -5.3583e-17,  4.0636e-12,
        -1.0623e-19,  1.1729e-16,  7.9452e-14,  1.1080e-23,  1.6533e-39,
         1.4783e-06,  3.7886e-39,  7.2514e-07,  1.0263e-28, -4.8379e-39,
        -9.1315e-06,  4.0631e-39, -6.0452e-10,  5.5620e-16, -5.1465e-06,
         1.2018e-06,  1.9344e-10, -2.8366e-14, -2.8638e-09, -9.7818e-06,
        -1.8220e-07,  4.3925e-09, -9.6447e-07,  4.1940e-06,  2.8370e-07,
        -6.5079e-13,  4.5499e-09, -1.0867e-11, -2.7432e-11, -2.9613e-12,
        -2.2877e-11,  1.3380e-21,  2.5707e-08, -2.4755e-06,  8.8588e-11,
        -2.7265e-11,  1.6135e-34, -8.4818e-17,  2.9686e-10, -3.2233e-06,
        -1.9834e-06, -3.5267e-06, -1.8124e-07,  1.4846e-18, -8.5110e-13,
         5.4127e-06,  4.5146e-39,  6.5414e-39, -1.0453e-16,  2.8944e-07,
        -7.1012e-19,  1.6488e-06,  1.0342e-06,  1.4361e-22,  2.0852e-18,
        -6.1012e-10, -1.8190e-39,  1.9675e-09,  1.4055e-08,  6.4368e-09,
        -5.0700e-13, -2.4012e-16,  1.7842e-17,  2.6069e-39,  9.8290e-06,
         2.5752e-07,  1.5940e-06, -5.1132e-11,  3.1609e-08, -4.9103e-39,
         1.9398e-33, -7.8981e-06,  8.5798e-16, -2.5972e-17, -4.7708e-16,
        -7.0377e-10, -5.8809e-13,  6.4605e-08, -1.2785e-06,  2.9733e-18,
         6.8376e-40,  5.4711e-39, -1.1732e-39,  1.3198e-16,  4.5677e-33,
        -1.0508e-09,  3.4558e-39, -5.2021e-21, -5.2095e-06,  6.4455e-08,
        -5.5001e-39, -6.5511e-07, -3.3400e-07,  3.3946e-39,  9.2085e-08,
         4.7413e-08,  3.9394e-06,  1.4650e-06,  5.0101e-39,  4.5791e-30,
         1.0328e-08,  2.4034e-39,  1.0142e-32, -1.6466e-34,  4.2250e-39,
        -2.5713e-12, -6.2189e-12, -4.0581e-11, -6.0370e-07, -6.5406e-39,
        -2.0211e-10, -2.0552e-30,  5.4608e-07,  4.4409e-06, -6.5220e-34,
        -6.1455e-09,  1.6858e-11, -2.5493e-07,  1.3458e-22,  5.4323e-09,
         1.3754e-18, -3.7856e-09, -3.4628e-10,  2.4330e-09, -6.0135e-39,
        -5.9396e-07,  4.8605e-08,  2.2063e-17, -3.1664e-39,  3.2329e-09,
        -6.1438e-39,  3.5621e-09, -1.1189e-39, -9.5851e-19,  1.0388e-37,
        -9.4856e-15, -5.1346e-39, -2.0522e-14, -1.5526e-06,  7.7497e-06,
        -8.0415e-15, -3.2743e-39,  1.6588e-09,  2.4652e-11,  1.9348e-06,
         2.6838e-39, -2.7161e-06,  7.7536e-20,  2.0130e-08,  4.6223e-09,
         4.5419e-18], device='cuda:0')), ('gconv3.mlp_node_cov.0.weight', tensor([[ 3.8338e-22, -2.7027e-39,  5.8184e-39,  ...,  5.3485e-39,
          8.3810e-40, -5.5297e-39],
        [ 3.8826e-39,  1.1135e-22, -2.0760e-39,  ...,  7.9291e-37,
          3.1376e-39,  2.0277e-39],
        [-6.1747e-19,  5.0351e-39, -2.9065e-39,  ...,  6.7614e-39,
         -6.0248e-33,  1.4845e-39],
        ...,
        [-1.1550e-16, -1.6374e-21, -6.3701e-39,  ..., -8.9515e-41,
          5.4567e-39, -6.7868e-39],
        [ 7.9673e-11, -3.1185e-39, -3.5106e-16,  ...,  3.9048e-39,
          5.9417e-40,  1.3493e-27],
        [ 2.4692e-39, -1.3366e-16, -4.2774e-39,  ...,  4.7287e-34,
          6.4276e-23, -1.1832e-39]], device='cuda:0')), ('gconv3.mlp_node_cov.0.bias', tensor([-5.3459e-39, -6.0738e-39, -6.1493e-39,  4.6547e-39, -3.0981e-39,
         6.5532e-39,  6.7090e-39,  5.6966e-39,  5.9160e-39, -1.9917e-39,
        -2.3591e-39,  3.3100e-40, -6.5516e-39,  3.8376e-39,  3.9987e-39,
        -4.1189e-39,  6.5560e-39, -2.1010e-39,  6.6888e-39, -5.8297e-39,
        -5.1243e-39,  6.7561e-39,  1.1715e-39, -6.4066e-39, -5.7878e-39,
         5.1693e-39, -4.2427e-39, -7.4767e-40,  3.3391e-39, -1.7495e-39,
        -1.2202e-39, -4.7909e-39,  1.3199e-39, -6.5662e-39,  6.8895e-39,
        -1.8529e-39,  2.1252e-39,  3.0234e-39, -5.4658e-39,  2.8591e-39,
        -4.2762e-39,  3.8029e-39, -1.3970e-41, -3.4931e-39, -4.8940e-39,
        -3.8002e-39, -5.3513e-39,  5.0277e-39, -1.1086e-39, -2.9753e-39,
        -1.9440e-39, -3.7180e-39, -3.6443e-39,  2.5438e-39,  6.5902e-39,
        -3.3444e-39, -6.6967e-39,  1.2685e-39, -4.4633e-39, -1.9853e-39,
         1.2954e-39,  3.0252e-39,  5.8142e-39,  4.3445e-39, -6.7911e-39,
        -3.5261e-39, -2.0773e-39,  4.4400e-39,  4.5519e-39,  3.8833e-39,
        -2.5855e-39, -1.0659e-39, -6.8155e-39,  4.5990e-40, -2.0906e-40,
         5.9837e-39,  3.4742e-39,  7.6035e-40,  3.7234e-40,  4.5917e-39,
         1.1316e-39,  3.9093e-39,  1.9232e-39, -2.4267e-39, -1.8530e-39,
         9.5020e-40, -4.2807e-39, -2.0357e-39, -5.5326e-39, -2.7580e-39,
        -1.1016e-39,  2.2322e-39,  2.1419e-39, -3.2062e-39,  1.2929e-39,
        -6.6967e-39, -6.6893e-39,  4.9220e-39, -1.3716e-39, -2.3184e-39,
         5.2602e-39,  8.6332e-40, -2.3308e-40, -2.6313e-39, -4.0586e-39,
        -5.5264e-39, -2.2270e-39, -6.7764e-40, -5.0470e-39, -3.8005e-39,
         2.6517e-39,  4.0310e-39,  4.9920e-39,  3.2096e-39,  1.6217e-39,
         3.9091e-39, -2.0736e-39, -6.4847e-39,  6.6265e-39,  2.5494e-39,
        -1.7110e-39, -1.5138e-39, -2.7337e-40,  6.5949e-39, -4.9188e-39,
         3.3620e-39, -5.4842e-39, -6.6960e-39,  1.1997e-39, -3.6651e-39,
        -2.1144e-39, -9.9820e-40,  2.9543e-39,  5.7183e-39,  6.7561e-39,
         3.5046e-39,  3.1076e-39, -5.5444e-39,  2.0550e-39,  4.0719e-39,
        -5.3608e-39, -3.1579e-39,  2.9143e-39, -1.4690e-39,  3.5921e-39,
         5.8366e-39, -6.7352e-39,  5.0223e-39, -1.6466e-40, -5.7672e-39,
         3.5499e-39,  8.2057e-40,  5.4507e-39,  2.8622e-39, -1.3316e-39,
        -5.8716e-39, -2.8402e-39,  2.6519e-39,  4.5593e-39,  5.9031e-39,
        -1.6786e-39,  6.6080e-39, -5.7631e-39, -4.6111e-39,  4.5835e-39,
         3.7410e-39,  2.9746e-39,  4.1145e-39,  5.3379e-39,  6.7668e-39,
         3.5230e-39,  6.6745e-39, -2.5106e-39, -4.0950e-40,  5.0181e-39,
        -2.2267e-39,  2.8599e-39,  4.9443e-39, -6.6907e-39, -5.7956e-39,
         4.4188e-39, -3.5574e-39, -5.6137e-39,  2.6738e-39,  2.3786e-39,
         5.4147e-39, -5.9131e-39,  4.0907e-40, -6.7076e-40,  2.1149e-39,
        -5.3468e-39,  6.2334e-39, -1.1821e-40, -5.2839e-39,  2.9626e-40,
        -2.5254e-39, -1.7716e-39,  4.3753e-39,  4.2366e-40, -1.0561e-40,
         2.2192e-39,  3.7927e-39, -1.1597e-39,  1.3918e-39, -4.9855e-39,
        -1.3646e-39, -1.4881e-39, -1.0821e-39, -1.0759e-39,  3.1103e-39,
         2.6280e-39, -2.9338e-39, -2.4008e-39, -3.2640e-39,  3.7376e-39,
        -1.4937e-39, -6.9020e-39, -2.5050e-39,  5.9221e-39,  5.5693e-39,
        -1.1924e-39, -2.4490e-39,  5.3520e-39,  5.5557e-39,  3.4315e-39,
         2.1286e-39, -6.5803e-39, -7.1042e-40,  6.9025e-40,  5.9736e-40,
        -4.5308e-39,  5.0197e-39,  6.8834e-39, -8.1263e-40, -2.5158e-39,
         4.8951e-39, -4.1759e-39, -5.1338e-39,  8.6768e-40, -4.0855e-39,
         5.0175e-39,  7.2442e-40, -1.8427e-40,  2.4359e-39, -7.5986e-40,
         1.2016e-39, -4.5194e-39,  2.4539e-39,  3.9952e-39,  4.5922e-39,
         2.1725e-39, -7.5611e-41,  2.0576e-39, -1.7458e-39,  4.4998e-39,
         4.3810e-39], device='cuda:0')), ('gconv3.mlp_node_cov.3.weight', tensor([0.1458, 0.1458, 0.1458, 0.1458, 0.1458, 0.1458, 0.1458, 0.1458, 0.1458,
        0.1458, 0.1458, 0.1458, 0.1458, 0.1458, 0.1458, 0.1458, 0.1458, 0.1458,
        0.1458, 0.1458, 0.1458, 0.1458, 0.1458, 0.1458, 0.1458, 0.1458, 0.1458,
        0.1458, 0.1458, 0.1458, 0.1458, 0.1458, 0.1458, 0.1458, 0.1458, 0.1458,
        0.1458, 0.1458, 0.1458, 0.1458, 0.1458, 0.1458, 0.1458, 0.1458, 0.1458,
        0.1458, 0.1458, 0.1458, 0.1458, 0.1458, 0.1458, 0.1458, 0.1458, 0.1458,
        0.1458, 0.1458, 0.1458, 0.1458, 0.1458, 0.1458, 0.1458, 0.1458, 0.1458,
        0.1458, 0.1458, 0.1458, 0.1458, 0.1458, 0.1458, 0.1458, 0.1458, 0.1458,
        0.1458, 0.1458, 0.1458, 0.1458, 0.1458, 0.1458, 0.1458, 0.1458, 0.1458,
        0.1458, 0.1458, 0.1458, 0.1458, 0.1458, 0.1458, 0.1458, 0.1458, 0.1458,
        0.1458, 0.1458, 0.1458, 0.1458, 0.1458, 0.1458, 0.1458, 0.1458, 0.1458,
        0.1458, 0.1458, 0.1458, 0.1458, 0.1458, 0.1458, 0.1458, 0.1458, 0.1458,
        0.1458, 0.1458, 0.1458, 0.1458, 0.1458, 0.1458, 0.1458, 0.1458, 0.1458,
        0.1458, 0.1458, 0.1458, 0.1458, 0.1458, 0.1458, 0.1458, 0.1458, 0.1458,
        0.1458, 0.1458, 0.1458, 0.1458, 0.1458, 0.1458, 0.1458, 0.1458, 0.1458,
        0.1458, 0.1458, 0.1458, 0.1458, 0.1458, 0.1458, 0.1458, 0.1458, 0.1458,
        0.1458, 0.1458, 0.1458, 0.1458, 0.1458, 0.1458, 0.1458, 0.1458, 0.1458,
        0.1458, 0.1458, 0.1458, 0.1458, 0.1458, 0.1458, 0.1458, 0.1458, 0.1458,
        0.1458, 0.1458, 0.1458, 0.1458, 0.1458, 0.1458, 0.1458, 0.1458, 0.1458,
        0.1458, 0.1458, 0.1458, 0.1458, 0.1458, 0.1458, 0.1458, 0.1458, 0.1458,
        0.1458, 0.1458, 0.1458, 0.1458, 0.1458, 0.1458, 0.1458, 0.1458, 0.1458,
        0.1458, 0.1458, 0.1458, 0.1458, 0.1458, 0.1458, 0.1458, 0.1458, 0.1458,
        0.1458, 0.1458, 0.1458, 0.1458, 0.1458, 0.1458, 0.1458, 0.1458, 0.1458,
        0.1458, 0.1458, 0.1458, 0.1458, 0.1458, 0.1458, 0.1458, 0.1458, 0.1458,
        0.1458, 0.1458, 0.1458, 0.1458, 0.1458, 0.1458, 0.1458, 0.1458, 0.1458,
        0.1458, 0.1458, 0.1458, 0.1458, 0.1458, 0.1458, 0.1458, 0.1458, 0.1458,
        0.1458, 0.1458, 0.1458, 0.1458, 0.1458, 0.1458, 0.1458, 0.1458, 0.1458,
        0.1458, 0.1458, 0.1458, 0.1458, 0.1458, 0.1458, 0.1458, 0.1458, 0.1458,
        0.1458, 0.1458, 0.1458, 0.1458], device='cuda:0')), ('gconv3.mlp_node_cov.3.bias', tensor([0., 0., 0., 0., 0., 0., 0., 0., 0., 0., 0., 0., 0., 0., 0., 0., 0., 0., 0., 0., 0., 0., 0., 0.,
        0., 0., 0., 0., 0., 0., 0., 0., 0., 0., 0., 0., 0., 0., 0., 0., 0., 0., 0., 0., 0., 0., 0., 0.,
        0., 0., 0., 0., 0., 0., 0., 0., 0., 0., 0., 0., 0., 0., 0., 0., 0., 0., 0., 0., 0., 0., 0., 0.,
        0., 0., 0., 0., 0., 0., 0., 0., 0., 0., 0., 0., 0., 0., 0., 0., 0., 0., 0., 0., 0., 0., 0., 0.,
        0., 0., 0., 0., 0., 0., 0., 0., 0., 0., 0., 0., 0., 0., 0., 0., 0., 0., 0., 0., 0., 0., 0., 0.,
        0., 0., 0., 0., 0., 0., 0., 0., 0., 0., 0., 0., 0., 0., 0., 0., 0., 0., 0., 0., 0., 0., 0., 0.,
        0., 0., 0., 0., 0., 0., 0., 0., 0., 0., 0., 0., 0., 0., 0., 0., 0., 0., 0., 0., 0., 0., 0., 0.,
        0., 0., 0., 0., 0., 0., 0., 0., 0., 0., 0., 0., 0., 0., 0., 0., 0., 0., 0., 0., 0., 0., 0., 0.,
        0., 0., 0., 0., 0., 0., 0., 0., 0., 0., 0., 0., 0., 0., 0., 0., 0., 0., 0., 0., 0., 0., 0., 0.,
        0., 0., 0., 0., 0., 0., 0., 0., 0., 0., 0., 0., 0., 0., 0., 0., 0., 0., 0., 0., 0., 0., 0., 0.,
        0., 0., 0., 0., 0., 0., 0., 0., 0., 0., 0., 0., 0., 0., 0., 0.],
       device='cuda:0')), ('gconv3.mlp_node_cov.3.running_mean', tensor([0., 0., 0., 0., 0., 0., 0., 0., 0., 0., 0., 0., 0., 0., 0., 0., 0., 0., 0., 0., 0., 0., 0., 0.,
        0., 0., 0., 0., 0., 0., 0., 0., 0., 0., 0., 0., 0., 0., 0., 0., 0., 0., 0., 0., 0., 0., 0., 0.,
        0., 0., 0., 0., 0., 0., 0., 0., 0., 0., 0., 0., 0., 0., 0., 0., 0., 0., 0., 0., 0., 0., 0., 0.,
        0., 0., 0., 0., 0., 0., 0., 0., 0., 0., 0., 0., 0., 0., 0., 0., 0., 0., 0., 0., 0., 0., 0., 0.,
        0., 0., 0., 0., 0., 0., 0., 0., 0., 0., 0., 0., 0., 0., 0., 0., 0., 0., 0., 0., 0., 0., 0., 0.,
        0., 0., 0., 0., 0., 0., 0., 0., 0., 0., 0., 0., 0., 0., 0., 0., 0., 0., 0., 0., 0., 0., 0., 0.,
        0., 0., 0., 0., 0., 0., 0., 0., 0., 0., 0., 0., 0., 0., 0., 0., 0., 0., 0., 0., 0., 0., 0., 0.,
        0., 0., 0., 0., 0., 0., 0., 0., 0., 0., 0., 0., 0., 0., 0., 0., 0., 0., 0., 0., 0., 0., 0., 0.,
        0., 0., 0., 0., 0., 0., 0., 0., 0., 0., 0., 0., 0., 0., 0., 0., 0., 0., 0., 0., 0., 0., 0., 0.,
        0., 0., 0., 0., 0., 0., 0., 0., 0., 0., 0., 0., 0., 0., 0., 0., 0., 0., 0., 0., 0., 0., 0., 0.,
        0., 0., 0., 0., 0., 0., 0., 0., 0., 0., 0., 0., 0., 0., 0., 0.],
       device='cuda:0')), ('gconv3.mlp_node_cov.3.running_var', tensor([1., 1., 1., 1., 1., 1., 1., 1., 1., 1., 1., 1., 1., 1., 1., 1., 1., 1.,
        1., 1., 1., 1., 1., 1., 1., 1., 1., 1., 1., 1., 1., 1., 1., 1., 1., 1.,
        1., 1., 1., 1., 1., 1., 1., 1., 1., 1., 1., 1., 1., 1., 1., 1., 1., 1.,
        1., 1., 1., 1., 1., 1., 1., 1., 1., 1., 1., 1., 1., 1., 1., 1., 1., 1.,
        1., 1., 1., 1., 1., 1., 1., 1., 1., 1., 1., 1., 1., 1., 1., 1., 1., 1.,
        1., 1., 1., 1., 1., 1., 1., 1., 1., 1., 1., 1., 1., 1., 1., 1., 1., 1.,
        1., 1., 1., 1., 1., 1., 1., 1., 1., 1., 1., 1., 1., 1., 1., 1., 1., 1.,
        1., 1., 1., 1., 1., 1., 1., 1., 1., 1., 1., 1., 1., 1., 1., 1., 1., 1.,
        1., 1., 1., 1., 1., 1., 1., 1., 1., 1., 1., 1., 1., 1., 1., 1., 1., 1.,
        1., 1., 1., 1., 1., 1., 1., 1., 1., 1., 1., 1., 1., 1., 1., 1., 1., 1.,
        1., 1., 1., 1., 1., 1., 1., 1., 1., 1., 1., 1., 1., 1., 1., 1., 1., 1.,
        1., 1., 1., 1., 1., 1., 1., 1., 1., 1., 1., 1., 1., 1., 1., 1., 1., 1.,
        1., 1., 1., 1., 1., 1., 1., 1., 1., 1., 1., 1., 1., 1., 1., 1., 1., 1.,
        1., 1., 1., 1., 1., 1., 1., 1., 1., 1., 1., 1., 1., 1., 1., 1., 1., 1.,
        1., 1., 1., 1.], device='cuda:0')), ('gconv3.mlp_node_cov.3.num_batches_tracked', tensor(0, device='cuda:0')), ('gconv3.mlp_node_ncov.0.weight', tensor([[-6.4059e-39, -2.9155e-39,  1.7195e-39,  ..., -3.2738e-39,
         -1.3168e-39,  1.6094e-39],
        [ 8.2295e-40, -2.5961e-31, -3.8910e-39,  ...,  2.3039e-39,
         -5.0668e-39,  1.0299e-39],
        [ 3.6112e-39, -6.5908e-39,  1.1870e-39,  ...,  3.8624e-28,
          7.5048e-25,  3.7239e-39],
        ...,
        [-4.0920e-12, -5.7862e-39,  3.6451e-19,  ..., -1.8457e-39,
          3.8674e-39,  6.6087e-39],
        [-5.2014e-19,  8.0894e-20,  5.9222e-37,  ..., -6.5315e-39,
          5.4556e-39,  8.5535e-25],
        [ 5.9441e-39,  5.8407e-39,  2.0398e-39,  ..., -3.5654e-39,
          3.8071e-39, -1.5706e-18]], device='cuda:0')), ('gconv3.mlp_node_ncov.0.bias', tensor([-6.2335e-39, -4.8471e-39,  4.1738e-39, -1.6821e-39,  6.6390e-39,
        -6.3174e-39, -1.9733e-39, -3.7980e-39,  6.5824e-39, -2.8204e-39,
        -1.0285e-40, -5.7517e-39, -3.1213e-39, -5.7527e-39,  2.9909e-39,
        -2.9439e-39,  3.3569e-39, -4.3302e-39, -5.6478e-39,  2.1178e-39,
         1.8806e-39, -4.3121e-39,  4.7307e-39,  5.2140e-39,  5.1797e-39,
         1.3061e-39, -1.7639e-39, -4.3317e-39,  4.3131e-39, -6.3309e-39,
        -1.9908e-39, -9.5474e-40,  3.5948e-39, -6.5706e-39,  5.5018e-39,
         6.3786e-39, -1.1743e-39,  4.6703e-40, -2.6501e-39,  4.6537e-39,
         6.0337e-39, -1.5911e-39, -2.8228e-39, -2.8285e-39, -3.5889e-39,
        -5.3319e-39, -1.9976e-40,  5.5541e-39,  1.7595e-39, -3.9075e-39,
         2.9796e-40,  6.8591e-39,  1.7196e-40, -2.9804e-39,  6.4966e-39,
         5.8916e-39,  2.9663e-39, -3.0157e-39,  2.5980e-39,  1.6312e-39,
         3.4556e-39, -5.5188e-39, -8.8995e-40,  6.8443e-39, -4.3882e-39,
         1.1580e-39, -6.7953e-39,  3.5415e-39, -4.6077e-39,  6.0081e-39,
         1.7003e-39,  4.5833e-39,  1.9848e-39, -5.3811e-39, -7.0548e-41,
        -5.3252e-39,  5.6937e-39,  1.4578e-39, -2.5553e-39,  6.1228e-39,
        -6.6545e-39,  6.7411e-39,  1.4875e-39,  2.9521e-39,  4.5384e-39,
        -2.9719e-39,  2.6199e-39, -8.2336e-40, -5.7825e-40,  1.0281e-39,
        -3.7915e-39,  2.8353e-39, -4.5421e-39, -4.0666e-39,  5.7977e-39,
         5.2549e-39,  6.7881e-39,  4.3915e-39,  2.5392e-39,  5.2382e-39,
        -6.3363e-39, -6.6070e-39,  4.6907e-39, -6.8081e-40, -6.3861e-39,
        -4.0210e-39, -9.9513e-40,  1.8038e-39, -5.6951e-39,  3.6894e-39,
         5.1780e-39, -6.4702e-39, -3.5344e-39,  5.8886e-39, -3.0861e-39,
         8.5970e-40,  2.3018e-39,  4.7493e-39, -6.6368e-39, -5.4171e-39,
        -3.5124e-39,  5.6178e-39,  2.0112e-39,  2.0141e-39, -3.8512e-39,
        -4.1267e-39, -3.4404e-39,  5.3620e-39,  6.4628e-39,  3.2999e-39,
        -4.0114e-39,  5.1112e-39,  3.4012e-39,  6.7617e-39, -1.4395e-39,
         3.3066e-39, -5.1578e-39,  6.6838e-39,  6.1411e-39, -3.2623e-39,
        -1.6368e-40,  2.1264e-40,  4.0803e-39,  1.8723e-39,  9.0195e-40,
        -6.0927e-39,  3.6452e-39,  3.0972e-39,  4.5891e-39,  1.9515e-39,
         4.3056e-39,  6.6670e-39, -1.6189e-39,  3.8584e-39,  1.3428e-40,
         5.8415e-39,  6.9102e-39,  4.9689e-39,  2.4159e-39, -3.4449e-39,
         5.0680e-39, -6.8383e-39,  5.0043e-39, -3.4486e-39,  2.2929e-39,
         3.6854e-39,  1.8871e-39, -1.6949e-39, -4.4051e-39,  7.1942e-40,
         5.3184e-39,  3.5461e-39, -5.6474e-39, -2.1551e-39,  1.9397e-39,
        -1.6414e-39, -2.5417e-39, -5.4961e-39, -1.2488e-39, -2.3741e-39,
         2.2687e-39,  5.0483e-39, -4.3263e-39, -6.0147e-39, -4.1697e-40,
        -5.0101e-39, -2.8082e-40,  4.6424e-39, -2.3504e-39, -6.3687e-39,
         4.7324e-39, -6.7490e-39,  4.5445e-39,  6.5071e-39,  6.2748e-39,
        -4.6737e-39, -1.7403e-39,  1.0635e-39,  1.6485e-39, -2.9020e-39,
        -1.2256e-39, -4.1263e-39, -1.4247e-39, -6.7014e-39, -5.3174e-39,
        -1.6088e-39, -3.0795e-39, -2.0924e-39,  4.2584e-39, -6.7965e-39,
        -6.0901e-39,  9.6972e-40, -5.6240e-39,  3.5413e-39,  2.3525e-39,
         4.2708e-39,  3.6027e-39, -3.7660e-39,  3.0348e-39,  3.7431e-39,
        -6.2193e-39,  4.3253e-39,  3.1822e-39,  5.1017e-39,  3.0842e-39,
        -4.4918e-39,  6.5485e-39,  2.6822e-39, -2.2989e-39, -5.7545e-39,
         2.5063e-39,  4.6930e-39,  2.7907e-39, -6.5952e-39,  1.5839e-39,
         5.4107e-39,  1.0756e-39,  4.7403e-39, -1.5691e-39, -6.4967e-39,
        -2.1585e-39,  3.6512e-39, -2.4681e-39, -6.7568e-39, -8.9869e-40,
         6.3511e-39, -6.7629e-39, -1.9066e-39, -4.8886e-40,  1.7207e-40,
        -3.9451e-39, -1.6247e-39,  6.5426e-39, -9.1272e-40,  3.0395e-39,
         4.8143e-39], device='cuda:0')), ('gconv3.mlp_node_ncov.3.weight', tensor([0.1458, 0.1458, 0.1458, 0.1458, 0.1458, 0.1458, 0.1458, 0.1458, 0.1458,
        0.1458, 0.1458, 0.1458, 0.1458, 0.1458, 0.1458, 0.1458, 0.1458, 0.1458,
        0.1458, 0.1458, 0.1458, 0.1458, 0.1458, 0.1458, 0.1458, 0.1458, 0.1458,
        0.1458, 0.1458, 0.1458, 0.1458, 0.1458, 0.1458, 0.1458, 0.1458, 0.1458,
        0.1458, 0.1458, 0.1458, 0.1458, 0.1458, 0.1458, 0.1458, 0.1458, 0.1458,
        0.1458, 0.1458, 0.1458, 0.1458, 0.1458, 0.1458, 0.1458, 0.1458, 0.1458,
        0.1458, 0.1458, 0.1458, 0.1458, 0.1458, 0.1458, 0.1458, 0.1458, 0.1458,
        0.1458, 0.1458, 0.1458, 0.1458, 0.1458, 0.1458, 0.1458, 0.1458, 0.1458,
        0.1458, 0.1458, 0.1458, 0.1458, 0.1458, 0.1458, 0.1458, 0.1458, 0.1458,
        0.1458, 0.1458, 0.1458, 0.1458, 0.1458, 0.1458, 0.1458, 0.1458, 0.1458,
        0.1458, 0.1458, 0.1458, 0.1458, 0.1458, 0.1458, 0.1458, 0.1458, 0.1458,
        0.1458, 0.1458, 0.1458, 0.1458, 0.1458, 0.1458, 0.1458, 0.1458, 0.1458,
        0.1458, 0.1458, 0.1458, 0.1458, 0.1458, 0.1458, 0.1458, 0.1458, 0.1458,
        0.1458, 0.1458, 0.1458, 0.1458, 0.1458, 0.1458, 0.1458, 0.1458, 0.1458,
        0.1458, 0.1458, 0.1458, 0.1458, 0.1458, 0.1458, 0.1458, 0.1458, 0.1458,
        0.1458, 0.1458, 0.1458, 0.1458, 0.1458, 0.1458, 0.1458, 0.1458, 0.1458,
        0.1458, 0.1458, 0.1458, 0.1458, 0.1458, 0.1458, 0.1458, 0.1458, 0.1458,
        0.1458, 0.1458, 0.1458, 0.1458, 0.1458, 0.1458, 0.1458, 0.1458, 0.1458,
        0.1458, 0.1458, 0.1458, 0.1458, 0.1458, 0.1458, 0.1458, 0.1458, 0.1458,
        0.1458, 0.1458, 0.1458, 0.1458, 0.1458, 0.1458, 0.1458, 0.1458, 0.1458,
        0.1458, 0.1458, 0.1458, 0.1458, 0.1458, 0.1458, 0.1458, 0.1458, 0.1458,
        0.1458, 0.1458, 0.1458, 0.1458, 0.1458, 0.1458, 0.1458, 0.1458, 0.1458,
        0.1458, 0.1458, 0.1458, 0.1458, 0.1458, 0.1458, 0.1458, 0.1458, 0.1458,
        0.1458, 0.1458, 0.1458, 0.1458, 0.1458, 0.1458, 0.1458, 0.1458, 0.1458,
        0.1458, 0.1458, 0.1458, 0.1458, 0.1458, 0.1458, 0.1458, 0.1458, 0.1458,
        0.1458, 0.1458, 0.1458, 0.1458, 0.1458, 0.1458, 0.1458, 0.1458, 0.1458,
        0.1458, 0.1458, 0.1458, 0.1458, 0.1458, 0.1458, 0.1458, 0.1458, 0.1458,
        0.1458, 0.1458, 0.1458, 0.1458, 0.1458, 0.1458, 0.1458, 0.1458, 0.1458,
        0.1458, 0.1458, 0.1458, 0.1458], device='cuda:0')), ('gconv3.mlp_node_ncov.3.bias', tensor([0., 0., 0., 0., 0., 0., 0., 0., 0., 0., 0., 0., 0., 0., 0., 0., 0., 0., 0., 0., 0., 0., 0., 0.,
        0., 0., 0., 0., 0., 0., 0., 0., 0., 0., 0., 0., 0., 0., 0., 0., 0., 0., 0., 0., 0., 0., 0., 0.,
        0., 0., 0., 0., 0., 0., 0., 0., 0., 0., 0., 0., 0., 0., 0., 0., 0., 0., 0., 0., 0., 0., 0., 0.,
        0., 0., 0., 0., 0., 0., 0., 0., 0., 0., 0., 0., 0., 0., 0., 0., 0., 0., 0., 0., 0., 0., 0., 0.,
        0., 0., 0., 0., 0., 0., 0., 0., 0., 0., 0., 0., 0., 0., 0., 0., 0., 0., 0., 0., 0., 0., 0., 0.,
        0., 0., 0., 0., 0., 0., 0., 0., 0., 0., 0., 0., 0., 0., 0., 0., 0., 0., 0., 0., 0., 0., 0., 0.,
        0., 0., 0., 0., 0., 0., 0., 0., 0., 0., 0., 0., 0., 0., 0., 0., 0., 0., 0., 0., 0., 0., 0., 0.,
        0., 0., 0., 0., 0., 0., 0., 0., 0., 0., 0., 0., 0., 0., 0., 0., 0., 0., 0., 0., 0., 0., 0., 0.,
        0., 0., 0., 0., 0., 0., 0., 0., 0., 0., 0., 0., 0., 0., 0., 0., 0., 0., 0., 0., 0., 0., 0., 0.,
        0., 0., 0., 0., 0., 0., 0., 0., 0., 0., 0., 0., 0., 0., 0., 0., 0., 0., 0., 0., 0., 0., 0., 0.,
        0., 0., 0., 0., 0., 0., 0., 0., 0., 0., 0., 0., 0., 0., 0., 0.],
       device='cuda:0')), ('gconv3.mlp_node_ncov.3.running_mean', tensor([0., 0., 0., 0., 0., 0., 0., 0., 0., 0., 0., 0., 0., 0., 0., 0., 0., 0., 0., 0., 0., 0., 0., 0.,
        0., 0., 0., 0., 0., 0., 0., 0., 0., 0., 0., 0., 0., 0., 0., 0., 0., 0., 0., 0., 0., 0., 0., 0.,
        0., 0., 0., 0., 0., 0., 0., 0., 0., 0., 0., 0., 0., 0., 0., 0., 0., 0., 0., 0., 0., 0., 0., 0.,
        0., 0., 0., 0., 0., 0., 0., 0., 0., 0., 0., 0., 0., 0., 0., 0., 0., 0., 0., 0., 0., 0., 0., 0.,
        0., 0., 0., 0., 0., 0., 0., 0., 0., 0., 0., 0., 0., 0., 0., 0., 0., 0., 0., 0., 0., 0., 0., 0.,
        0., 0., 0., 0., 0., 0., 0., 0., 0., 0., 0., 0., 0., 0., 0., 0., 0., 0., 0., 0., 0., 0., 0., 0.,
        0., 0., 0., 0., 0., 0., 0., 0., 0., 0., 0., 0., 0., 0., 0., 0., 0., 0., 0., 0., 0., 0., 0., 0.,
        0., 0., 0., 0., 0., 0., 0., 0., 0., 0., 0., 0., 0., 0., 0., 0., 0., 0., 0., 0., 0., 0., 0., 0.,
        0., 0., 0., 0., 0., 0., 0., 0., 0., 0., 0., 0., 0., 0., 0., 0., 0., 0., 0., 0., 0., 0., 0., 0.,
        0., 0., 0., 0., 0., 0., 0., 0., 0., 0., 0., 0., 0., 0., 0., 0., 0., 0., 0., 0., 0., 0., 0., 0.,
        0., 0., 0., 0., 0., 0., 0., 0., 0., 0., 0., 0., 0., 0., 0., 0.],
       device='cuda:0')), ('gconv3.mlp_node_ncov.3.running_var', tensor([1., 1., 1., 1., 1., 1., 1., 1., 1., 1., 1., 1., 1., 1., 1., 1., 1., 1.,
        1., 1., 1., 1., 1., 1., 1., 1., 1., 1., 1., 1., 1., 1., 1., 1., 1., 1.,
        1., 1., 1., 1., 1., 1., 1., 1., 1., 1., 1., 1., 1., 1., 1., 1., 1., 1.,
        1., 1., 1., 1., 1., 1., 1., 1., 1., 1., 1., 1., 1., 1., 1., 1., 1., 1.,
        1., 1., 1., 1., 1., 1., 1., 1., 1., 1., 1., 1., 1., 1., 1., 1., 1., 1.,
        1., 1., 1., 1., 1., 1., 1., 1., 1., 1., 1., 1., 1., 1., 1., 1., 1., 1.,
        1., 1., 1., 1., 1., 1., 1., 1., 1., 1., 1., 1., 1., 1., 1., 1., 1., 1.,
        1., 1., 1., 1., 1., 1., 1., 1., 1., 1., 1., 1., 1., 1., 1., 1., 1., 1.,
        1., 1., 1., 1., 1., 1., 1., 1., 1., 1., 1., 1., 1., 1., 1., 1., 1., 1.,
        1., 1., 1., 1., 1., 1., 1., 1., 1., 1., 1., 1., 1., 1., 1., 1., 1., 1.,
        1., 1., 1., 1., 1., 1., 1., 1., 1., 1., 1., 1., 1., 1., 1., 1., 1., 1.,
        1., 1., 1., 1., 1., 1., 1., 1., 1., 1., 1., 1., 1., 1., 1., 1., 1., 1.,
        1., 1., 1., 1., 1., 1., 1., 1., 1., 1., 1., 1., 1., 1., 1., 1., 1., 1.,
        1., 1., 1., 1., 1., 1., 1., 1., 1., 1., 1., 1., 1., 1., 1., 1., 1., 1.,
        1., 1., 1., 1.], device='cuda:0')), ('gconv3.mlp_node_ncov.3.num_batches_tracked', tensor(0, device='cuda:0')), ('gconv3.mlp_coord_cov.0.weight', tensor([[-2.2823e-03, -4.1569e-39,  2.8724e-02,  ..., -1.1150e-09,
         -9.6854e-32,  4.7881e-04],
        [-7.9275e-03, -1.1935e-01, -4.4926e-23,  ...,  3.8580e-15,
         -1.0548e-05, -1.7188e-02],
        [ 1.2165e-02,  5.4515e-05,  4.0020e-05,  ...,  4.4328e-08,
         -7.3249e-02, -8.6466e-15],
        ...,
        [ 7.7281e-08, -4.5117e-06, -3.9910e-04,  ..., -4.4666e-06,
          9.6614e-03,  1.4967e-23],
        [ 2.4262e-13,  4.8136e-05, -2.7454e-10,  ..., -2.0476e-01,
         -2.9719e-36, -1.1519e-04],
        [ 2.4043e-06, -2.9163e-03,  1.8080e-06,  ..., -4.9741e-03,
          3.1689e-16, -5.4029e-03]], device='cuda:0')), ('gconv3.mlp_coord_cov.0.bias', tensor([-9.1787e-09,  8.9380e-21,  4.6735e-07,  2.9365e-36,  2.5751e-06,
         7.5648e-08,  2.0730e-39,  2.4735e-39,  1.1880e-10, -1.2786e-06,
        -1.1614e-19, -1.0662e-11,  1.7414e-16,  7.1373e-27, -1.5982e-06,
        -5.5860e-39, -5.9334e-07, -3.1180e-22, -1.8913e-39,  3.2840e-24,
         1.3148e-08, -9.6292e-14,  6.2324e-39, -2.4280e-14,  1.7321e-06,
         4.6528e-08, -8.0350e-06,  1.3061e-15, -4.1337e-39, -2.1519e-21,
         2.0640e-19, -8.4150e-07, -4.8747e-39, -4.9966e-39, -1.0430e-07,
        -1.3690e-07, -2.9513e-09,  1.0802e-07, -2.1251e-13, -6.6382e-39,
        -1.3874e-13,  5.8473e-08,  2.8060e-06,  6.6262e-24,  8.9303e-09,
        -8.1078e-06,  6.3550e-39,  3.1307e-39, -8.4708e-06,  2.5361e-22,
        -2.5316e-11,  2.4948e-23,  1.9376e-13, -2.1153e-08, -1.0808e-09,
        -4.2425e-09,  5.7223e-40, -1.2614e-39, -7.3078e-11,  4.3865e-39,
        -5.6462e-34, -3.8863e-09,  1.4375e-17,  5.1013e-13,  1.2035e-05,
         2.0605e-39,  1.8074e-39,  8.6838e-06,  7.8650e-12, -7.3801e-10,
         2.7854e-07,  1.2036e-12,  3.0449e-08, -1.2004e-36,  2.4492e-10,
         1.0867e-12, -5.9282e-07,  5.2451e-39,  3.9775e-09, -1.6256e-06,
         2.7269e-39,  1.4209e-39, -5.3131e-20,  1.0225e-05, -1.6063e-26,
        -4.1615e-11,  5.4589e-06, -1.6731e-23,  8.3844e-06,  3.2677e-06,
         8.7341e-08, -1.4360e-17,  2.3115e-08,  5.0760e-07,  5.1987e-39,
        -5.4644e-33,  1.1253e-39, -1.5078e-08, -6.5728e-39,  4.6202e-39,
         1.8541e-39,  5.4303e-09, -6.1144e-20,  3.6097e-08,  1.4699e-36,
        -8.4131e-06,  1.7516e-39,  1.3434e-22,  1.7241e-06,  2.6509e-08,
         2.9509e-13, -1.1070e-24, -1.7838e-08, -4.2333e-08, -4.4253e-12,
         2.7497e-39,  7.0426e-30,  1.9179e-31,  1.1030e-07,  1.7337e-11,
         2.6669e-39,  6.5278e-40,  3.8849e-18, -4.0306e-15,  6.5607e-07,
        -6.9150e-39, -2.0437e-39,  5.0271e-08,  3.5013e-09,  1.0591e-22,
        -7.6784e-12,  6.9309e-07, -2.0192e-09,  2.1235e-09,  5.0837e-06,
         2.4414e-39,  1.2448e-40, -1.8147e-38,  1.7243e-06, -6.7916e-39,
        -9.5198e-21,  3.7937e-39, -4.5203e-06,  6.3659e-08, -9.7829e-07,
        -6.8552e-39, -6.3746e-21,  5.6294e-40, -2.4407e-13, -2.0474e-19,
        -5.0011e-06,  5.1475e-24, -4.4337e-34, -4.1231e-06,  7.7667e-38,
         6.2433e-39,  2.8575e-12,  4.3923e-14, -2.1622e-10,  5.8182e-09,
        -4.1633e-22, -3.6432e-39,  7.7519e-24, -1.2249e-35, -7.1186e-25,
         2.9748e-36, -1.1128e-05,  3.8292e-20, -4.0874e-39, -3.9210e-39,
        -1.8553e-39, -1.5615e-06,  5.9402e-07,  1.3921e-39, -7.3254e-06,
         2.1873e-34,  8.7469e-27,  1.4711e-08, -2.4964e-07,  6.6503e-39,
        -2.3814e-21,  1.3277e-24,  6.8552e-08, -6.7254e-39, -5.8087e-19,
        -3.7012e-20,  7.6648e-27,  9.0860e-28,  3.7914e-39,  6.0778e-06,
        -4.9693e-16,  1.0496e-05,  5.8242e-40, -5.7792e-39, -9.1647e-07,
         6.7425e-39,  1.8410e-39, -1.2653e-11,  9.2800e-11, -3.9308e-39,
        -8.0916e-16, -1.1528e-23, -1.8955e-08, -3.2083e-39, -6.9882e-11,
         1.1837e-05, -4.4981e-20,  1.3734e-08, -2.3794e-23,  6.1920e-11,
         9.1073e-40, -1.3590e-26,  1.5514e-07,  9.9993e-24, -6.6308e-32,
         1.9160e-09,  2.7086e-10, -6.6472e-39,  2.0571e-14, -4.8963e-06,
         6.9507e-24, -5.5427e-12, -1.2025e-12,  9.9657e-40, -2.4802e-19,
         4.3377e-39, -2.5478e-39, -6.7963e-06, -1.9654e-17,  1.1847e-08,
         3.0533e-16, -4.6466e-39,  5.7562e-39, -1.2622e-11,  7.5930e-28,
        -5.3227e-11, -3.8593e-07, -4.5509e-09,  2.1769e-06,  2.6722e-11,
         1.5041e-06,  2.6277e-07,  2.3596e-09,  2.3133e-11,  3.4391e-39,
        -1.6762e-09, -3.5265e-11,  9.3374e-06,  6.9039e-19,  9.8044e-06,
        -3.9445e-21,  1.2251e-05,  3.8288e-16,  3.6318e-32, -8.9294e-08,
        -5.0309e-06], device='cuda:0')), ('gconv3.mlp_coord_ncov.0.weight', tensor([[ 1.0953e-04,  1.8124e-10,  1.7759e-01,  ...,  3.8089e-03,
         -1.2419e-39,  1.4432e-04],
        [ 8.6375e-11,  2.1917e-12, -1.6029e-04,  ..., -5.8278e-13,
          2.6977e-03,  9.4504e-05],
        [-5.2521e-39, -6.6971e-10, -2.7683e-06,  ...,  1.1062e-01,
         -1.1742e-01,  9.7669e-02],
        ...,
        [-1.2286e-03, -1.9997e-09,  1.6042e-04,  ..., -1.5574e-04,
         -9.4139e-02,  4.1394e-39],
        [-4.5898e-03, -7.4400e-02,  3.8977e-16,  ...,  1.4299e-08,
          1.1564e-06, -5.1492e-04],
        [ 1.0777e-10,  5.3400e-07, -7.9634e-02,  ...,  9.7157e-05,
          5.5745e-39, -7.6970e-03]], device='cuda:0')), ('gconv3.mlp_coord_ncov.0.bias', tensor([-1.1033e-14, -1.6876e-11,  1.7911e-10,  6.1528e-39,  1.3099e-07,
        -9.5574e-17,  4.1251e-08,  6.0245e-39, -2.0232e-08,  3.8303e-39,
        -6.2984e-34, -7.1980e-06,  9.7038e-06,  7.7317e-08,  4.8881e-07,
        -8.5202e-32, -5.9867e-40,  8.4247e-20,  1.5937e-11, -3.2228e-08,
        -1.9654e-11, -1.5426e-07, -2.4040e-34, -1.5732e-36, -2.7887e-15,
        -8.2960e-17,  1.8667e-15, -8.5105e-12,  1.2170e-08,  6.8502e-39,
        -2.8449e-11, -4.2941e-11,  2.2041e-39,  6.7282e-06,  4.3663e-17,
         2.1126e-39, -2.2650e-39,  9.8743e-40,  2.8197e-10,  4.5718e-24,
         4.4221e-06,  7.9904e-14, -1.2736e-07, -4.4045e-07,  9.2406e-40,
         1.3917e-19, -6.3392e-16, -1.5348e-39, -5.8848e-39,  7.5602e-06,
        -1.2757e-39, -2.9997e-14, -1.7059e-07,  1.0758e-06, -1.1089e-38,
        -5.6558e-11, -1.3180e-23,  1.2876e-20,  5.2657e-40, -5.6974e-39,
        -8.5448e-13,  1.4216e-14, -4.9253e-07, -3.5476e-39, -4.2325e-18,
        -6.4697e-24, -4.2610e-06, -2.2536e-07, -8.6929e-09,  3.9569e-13,
        -1.0602e-05,  3.8564e-24, -1.2213e-37,  3.7013e-11,  2.2698e-07,
         5.4127e-06,  1.9367e-26,  1.9528e-08, -5.5052e-07, -6.1083e-39,
         5.5907e-10, -1.3953e-39,  1.1727e-06, -1.4316e-20,  1.1951e-06,
        -4.4071e-22, -7.9602e-06, -4.6892e-11, -2.4723e-06, -7.4498e-09,
         5.6848e-39, -2.4999e-35,  5.7937e-37,  1.0034e-24, -8.1565e-07,
         5.4203e-39, -2.7974e-18,  4.5680e-39, -2.7042e-09,  5.6481e-06,
        -8.3691e-07,  6.0368e-06, -1.2720e-09,  2.4352e-06,  8.1781e-32,
        -2.8640e-39,  2.4896e-12, -1.5767e-18, -6.2201e-21, -3.1771e-15,
        -2.1356e-22,  4.9596e-08,  6.7735e-39,  9.0134e-08, -9.0266e-12,
        -1.8697e-06,  8.3170e-16,  7.8099e-14, -5.7668e-18,  1.1814e-15,
        -3.9619e-39, -1.4971e-08,  1.3907e-24,  2.1595e-39, -9.4097e-19,
        -7.7980e-10, -7.5452e-10,  1.9770e-14, -4.8640e-15,  6.4507e-09,
        -9.9005e-06, -2.3661e-17, -4.1189e-24,  5.0152e-17,  8.6829e-06,
        -3.1210e-39,  7.0041e-40,  5.2242e-11, -2.7571e-13, -2.2334e-39,
        -1.8974e-22, -6.8859e-12, -5.5827e-39,  1.7514e-39, -4.7743e-09,
        -1.1137e-07,  3.4193e-12, -3.1291e-22,  8.9087e-15, -4.8727e-07,
        -3.2365e-06,  2.5690e-08,  4.8903e-31,  2.5122e-26, -4.5473e-07,
         2.6082e-12,  5.1267e-40,  2.3815e-39,  9.5788e-10, -5.0572e-11,
         3.4400e-09, -1.2820e-06,  1.3308e-07, -3.4950e-16,  1.0477e-07,
         3.5183e-39,  2.0948e-06,  3.8450e-06,  2.0691e-39,  1.0031e-06,
         9.3543e-11, -1.1702e-07,  5.7914e-39,  2.7023e-39, -3.8162e-09,
        -6.2212e-11, -3.1862e-09, -3.1370e-34,  5.4815e-30, -6.7573e-20,
         6.2057e-06, -2.6782e-14,  6.5221e-07,  5.0186e-10,  6.3436e-28,
        -6.4932e-08,  1.4042e-06, -3.9910e-06, -5.4589e-09,  3.8632e-07,
        -1.2404e-13,  5.5332e-24, -5.6934e-12,  2.0972e-09,  3.2309e-30,
        -9.7648e-10, -2.1196e-39, -2.9011e-39,  2.7102e-40, -2.8856e-09,
        -6.5655e-17, -3.8070e-07, -1.2739e-10, -3.6684e-23, -1.9610e-12,
         6.3525e-06,  6.2890e-39,  1.3207e-08, -2.0210e-06, -7.3250e-14,
         1.2661e-05, -4.9400e-39,  2.7227e-39, -1.1496e-23,  3.8537e-26,
        -6.1388e-07,  1.9421e-08,  5.2782e-39,  1.6722e-06, -4.0993e-20,
         7.6087e-10,  3.6466e-11,  1.7435e-23,  2.9344e-06, -7.5176e-06,
        -8.8259e-40, -5.1009e-14, -1.2294e-05, -2.4207e-18, -1.4914e-39,
         5.7053e-39,  1.3100e-05,  5.2310e-39, -7.6748e-08,  1.2788e-06,
        -4.0806e-15, -9.0913e-08,  7.0959e-09,  1.3130e-05, -3.3496e-09,
         6.5048e-39,  1.1624e-06, -1.6362e-39,  6.7293e-30,  8.7302e-06,
        -4.7785e-11, -2.2578e-39,  1.6373e-07,  1.7118e-11,  4.3403e-39,
         2.3964e-41, -1.1987e-05,  2.0687e-10,  3.1935e-09, -4.6667e-20,
         8.2998e-09], device='cuda:0')), ('gconv.0.mlp_node_cov.0.weight', tensor([[ 9.3541e-03,  1.9870e-02, -1.3604e-02,  ..., -3.0492e-03,
         -5.5436e-03, -2.5560e-02],
        [ 1.5881e-02,  7.4894e-02, -3.1965e-02,  ..., -2.8607e-02,
          4.2826e-02,  1.8413e-04],
        [ 1.3308e-01,  5.5771e-03, -1.1448e-01,  ...,  1.8369e-01,
          1.9230e-02,  1.1017e-01],
        ...,
        [-8.0726e-02, -4.0763e-02,  2.4562e-03,  ..., -4.4885e-02,
          4.0199e-02,  1.7177e-02],
        [-1.9558e-01,  7.4289e-04, -6.6699e-02,  ...,  6.3470e-02,
         -1.5537e-02,  4.5283e-02],
        [-1.5734e-01, -6.9771e-02,  3.2775e-02,  ..., -8.0558e-02,
         -2.0669e-02,  8.5586e-03]], device='cuda:0')), ('gconv.0.mlp_node_cov.0.bias', tensor([ 0.0019, -0.0352, -0.0892, -0.0820, -0.0161, -0.0408, -0.0778, -0.0755,
        -0.0386,  0.0104, -0.0401, -0.0877,  0.0187, -0.0473, -0.0169, -0.0573,
        -0.0926, -0.0926,  0.0511, -0.0367, -0.0179, -0.0675, -0.0249, -0.0109,
        -0.0778, -0.0428, -0.0387, -0.0169,  0.0322, -0.0411,  0.0168, -0.0408,
         0.0064, -0.0149, -0.0716, -0.0860,  0.0189, -0.0554, -0.0813, -0.0223,
        -0.0643, -0.0638, -0.0280, -0.0188, -0.0945, -0.0299,  0.0143, -0.0471,
        -0.0639, -0.0286, -0.0054, -0.0613, -0.0550, -0.0566, -0.0742, -0.0316,
        -0.0260,  0.0085, -0.0058,  0.0102,  0.0293, -0.0266,  0.0105, -0.0157,
        -0.0807, -0.0227, -0.0344, -0.0252, -0.0347, -0.0369, -0.0285, -0.0528,
         0.0074, -0.0960, -0.0052, -0.0612,  0.0180, -0.0485, -0.0514,  0.0116,
        -0.0439, -0.0030, -0.0259,  0.0204,  0.0175, -0.0138, -0.1111, -0.0628,
        -0.0230,  0.0214, -0.0416,  0.0398,  0.0058, -0.0434, -0.0189, -0.0274,
        -0.0092,  0.0284, -0.0200, -0.0698,  0.0120, -0.0524, -0.0252,  0.0157,
         0.0351,  0.0256, -0.1183, -0.0218, -0.0734, -0.0637, -0.1038, -0.0684,
        -0.0024, -0.0759, -0.0537, -0.0407, -0.0010, -0.0899, -0.0571,  0.0204,
        -0.0750, -0.0002, -0.0380, -0.0156, -0.0039,  0.0169, -0.0384,  0.0485,
        -0.0772, -0.0101,  0.0119, -0.0218, -0.0009, -0.0592,  0.0087, -0.0687,
        -0.0547, -0.0534,  0.0175, -0.0173, -0.0005,  0.0180, -0.0437, -0.1003,
        -0.0231, -0.0573,  0.0168, -0.0205, -0.0262, -0.0147, -0.0075, -0.0242,
         0.0303, -0.0355, -0.0548,  0.0321,  0.0115, -0.0414,  0.0147,  0.0176,
        -0.0064, -0.0200, -0.0601, -0.0151, -0.1272, -0.0275, -0.0538, -0.0231,
         0.0018, -0.0781, -0.0073, -0.0399, -0.0237, -0.0381, -0.0171, -0.0166,
        -0.0283, -0.0284, -0.0323, -0.0294, -0.0362,  0.0107, -0.0869, -0.0394,
        -0.0595, -0.0134, -0.0371, -0.0585,  0.0380, -0.0332, -0.0343,  0.0090,
         0.0230, -0.0207, -0.0069, -0.0271, -0.0286, -0.0586, -0.0436,  0.0073,
        -0.0467,  0.0035, -0.0224,  0.0053, -0.0649, -0.0372,  0.0003,  0.0397,
         0.0339, -0.0534, -0.0111, -0.0179, -0.0708, -0.0903,  0.0638, -0.0542,
        -0.0922, -0.0501, -0.0487, -0.0396, -0.0630, -0.0326, -0.0552, -0.0171,
         0.0220, -0.0839, -0.0062,  0.0235, -0.0741,  0.0060, -0.0221, -0.0884,
        -0.0171, -0.0656, -0.0741, -0.1149, -0.0762, -0.0549, -0.0024, -0.0594,
        -0.0352, -0.0293, -0.0617, -0.0662, -0.0037, -0.0141, -0.0400, -0.0672,
         0.0120, -0.0361, -0.0627, -0.0502, -0.0115, -0.0265, -0.0663, -0.0422],
       device='cuda:0')), ('gconv.0.mlp_node_cov.3.weight', tensor([0.4986, 0.6430, 0.8793, 0.8295, 0.6226, 0.7956, 0.7444, 0.7822, 0.4701,
        0.6694, 0.7490, 0.6777, 0.6435, 0.6787, 0.6887, 0.9784, 0.9184, 0.7226,
        0.6661, 0.5890, 0.7116, 0.6499, 0.6103, 0.5895, 0.7372, 0.8719, 0.7668,
        0.7565, 0.5750, 0.5627, 0.5424, 0.9253, 0.8613, 0.7423, 0.8279, 0.6417,
        0.6441, 0.5279, 0.6500, 0.5601, 0.8465, 0.7739, 0.8233, 0.5927, 0.7762,
        0.7816, 0.5521, 0.6703, 0.7223, 0.6218, 0.5452, 0.7788, 0.8928, 0.6124,
        0.8624, 0.5651, 0.7809, 0.7645, 0.5786, 0.6559, 0.5806, 0.6585, 0.6548,
        0.5852, 0.8413, 0.6458, 0.7237, 0.7361, 0.6028, 0.9387, 0.7680, 0.5939,
        0.7170, 0.7774, 0.8282, 0.8200, 0.7836, 0.7542, 0.5997, 0.6051, 0.9353,
        0.8050, 0.8774, 0.5045, 0.6209, 0.4971, 0.9222, 0.7603, 0.6224, 0.5902,
        0.9354, 0.5211, 0.6943, 0.5913, 0.9016, 0.5090, 0.9119, 0.5674, 0.9813,
        0.9039, 0.5586, 0.6707, 0.6426, 0.7645, 0.6469, 0.5569, 1.0030, 0.5716,
        0.7050, 0.5576, 0.7279, 0.6302, 0.5190, 0.6354, 0.6550, 0.7597, 0.7689,
        0.6411, 0.9057, 0.6851, 0.8064, 0.6106, 0.9999, 0.7556, 0.6020, 0.7334,
        0.5942, 0.6279, 0.8391, 0.7160, 0.6538, 0.7036, 0.6360, 0.6568, 0.8545,
        0.6886, 0.5359, 0.7299, 0.8267, 0.8076, 0.5815, 1.0421, 0.5687, 0.9621,
        0.5968, 0.9070, 0.5041, 0.5853, 0.9043, 0.9558, 0.8055, 0.6248, 0.6654,
        0.5784, 0.5969, 0.6197, 0.5910, 0.8694, 0.7163, 0.6454, 0.7242, 0.6014,
        0.5786, 0.7895, 0.7045, 0.4685, 0.6373, 0.9851, 0.7117, 0.6169, 0.7020,
        0.5517, 0.7708, 0.7956, 0.6010, 0.5867, 0.9197, 0.7373, 0.6356, 0.5554,
        0.7573, 0.7001, 0.9951, 0.9456, 0.7786, 0.4725, 0.6210, 0.6377, 0.6126,
        0.7163, 0.8212, 0.6204, 0.5353, 0.9828, 0.5513, 0.6826, 0.8272, 0.5284,
        1.0494, 0.6332, 0.7254, 0.4943, 0.5788, 0.9118, 0.6993, 0.7585, 0.7742,
        0.9665, 0.7692, 0.7148, 0.7993, 0.6319, 0.8622, 0.7201, 0.8166, 0.7111,
        0.6478, 0.8273, 0.5932, 0.6177, 0.8335, 0.7936, 0.4966, 0.7001, 0.7749,
        0.7699, 0.5813, 0.5386, 0.6503, 0.5209, 0.6625, 0.9684, 0.8881, 0.6572,
        0.8048, 0.5879, 0.6142, 0.7299, 0.7143, 0.6118, 1.0399, 0.5687, 0.6383,
        0.5603, 0.8146, 0.5764, 0.7034, 0.8161, 0.5971, 0.5566, 0.8047, 0.4756,
        0.8758, 0.5644, 0.6433, 0.6843], device='cuda:0')), ('gconv.0.mlp_node_cov.3.bias', tensor([ 0.0133,  0.0154, -0.0459, -0.0538,  0.1085,  0.0554, -0.0831,  0.1021,
        -0.0784, -0.0289,  0.0688,  0.0189,  0.1659, -0.0112,  0.2803,  0.0077,
        -0.0808, -0.1822,  0.0114, -0.0206, -0.0557,  0.0059,  0.0051,  0.0262,
         0.0347, -0.0839,  0.2092, -0.0755,  0.0015, -0.0034, -0.1238, -0.0316,
        -0.0041, -0.0767,  0.0629,  0.0260, -0.0766, -0.0823,  0.1080, -0.2042,
         0.0339,  0.2672,  0.1029, -0.0936,  0.2328, -0.0748,  0.0743, -0.0980,
         0.1112,  0.0570, -0.0799,  0.0569, -0.0673, -0.0319,  0.0258,  0.1269,
        -0.0961, -0.0123,  0.1730, -0.0775, -0.0660, -0.0964,  0.1195,  0.0761,
        -0.0512,  0.4187,  0.0632, -0.1744,  0.3281, -0.0074, -0.0548, -0.0510,
         0.1068,  0.0699,  0.1982,  0.1309,  0.0098,  0.0292, -0.2343, -0.1369,
        -0.0229,  0.0509,  0.2171, -0.0364, -0.1093,  0.1517, -0.1228, -0.0407,
        -0.0013,  0.0591,  0.3252, -0.0277,  0.1574,  0.0626, -0.0177,  0.1340,
        -0.0357,  0.1726,  0.0609,  0.1537, -0.2079,  0.0242, -0.0493,  0.0860,
         0.0310,  0.1083,  0.2000,  0.0439,  0.0311,  0.0470,  0.0499,  0.0192,
        -0.0041, -0.0606,  0.0132,  0.0313, -0.0030,  0.0787,  0.1158,  0.3321,
        -0.0258,  0.0354, -0.0901, -0.0187,  0.0749, -0.0110,  0.0067,  0.1223,
         0.0412, -0.1609,  0.1436,  0.0637,  0.0703,  0.0872, -0.1015,  0.2165,
         0.0627, -0.0043,  0.0445, -0.1228, -0.0620,  0.0347,  0.0607,  0.0458,
         0.1227,  0.0853, -0.1520,  0.0008, -0.0806,  0.0259,  0.0786, -0.0921,
        -0.1599,  0.0040, -0.0411,  0.0372,  0.0414, -0.0024, -0.3408, -0.0875,
        -0.1256,  0.0426, -0.0264,  0.0201,  0.1009, -0.0387, -0.1835,  0.0886,
         0.0988,  0.2040, -0.0729,  0.0933, -0.0082, -0.0098, -0.0768,  0.0865,
         0.1299, -0.0268, -0.0863,  0.0796,  0.1148,  0.0646,  0.0476, -0.0329,
         0.0742, -0.0230,  0.0267,  0.1636, -0.0295, -0.0292,  0.0161, -0.1579,
         0.0007,  0.0643, -0.1059, -0.0651,  0.1896,  0.2133, -0.1102, -0.0262,
        -0.0274, -0.0241,  0.0534,  0.0543,  0.2857, -0.1666,  0.0442,  0.1188,
        -0.0452,  0.0445, -0.0238, -0.1283,  0.0251, -0.0159,  0.1899,  0.1274,
         0.0268, -0.0556, -0.1270,  0.0808, -0.1217, -0.0043, -0.1786,  0.1307,
         0.1159,  0.0762, -0.2038,  0.0410, -0.0046, -0.1453, -0.0689, -0.0284,
         0.1561,  0.0417, -0.0977,  0.0856,  0.2380,  0.0494,  0.0192,  0.0365,
         0.0404,  0.1823, -0.0589,  0.0365,  0.0543,  0.2882, -0.0810, -0.0265,
        -0.0987,  0.0257,  0.0017, -0.0210, -0.1397,  0.0981,  0.0068,  0.2170],
       device='cuda:0')), ('gconv.0.mlp_node_cov.3.running_mean', tensor([ 5.8731e-01,  9.7601e-02,  1.9512e-02, -1.2903e-02,  3.2337e-01,
        -4.8456e-03,  1.2657e-02, -3.0930e-03,  2.0273e-02,  2.4696e-01,
         1.5083e-01,  2.7875e-02,  2.5658e-01,  4.3902e-01,  1.7495e-01,
        -6.6132e-03, -9.2124e-03,  1.2131e-01,  2.7142e-01,  1.5436e-01,
         9.2681e-02,  3.9899e-01,  3.9128e-02,  4.0677e-01,  4.7410e-02,
         5.2388e-02,  1.1283e-02,  1.3485e-01,  5.8184e-02,  3.9490e-01,
         6.5910e-02, -2.9978e-03, -4.3820e-03,  2.0665e-01, -9.8221e-03,
         2.0094e-01,  1.9975e-01,  2.1031e-01,  2.1347e-01,  5.5423e-01,
         3.7622e-02, -3.3173e-03,  1.1298e-01,  1.8674e-01, -1.2340e-03,
         1.3082e-01,  2.1652e-01,  9.8318e-02,  1.0789e-01, -4.4279e-03,
         4.4990e-01,  2.3013e-01, -3.5160e-03,  2.8090e-01,  5.2964e-03,
         1.4660e-01,  4.0003e-03,  7.1640e-02, -1.4755e-04,  8.9532e-02,
         2.1735e-02,  1.0694e-01,  4.3802e-02,  1.9359e-01,  7.8310e-02,
         3.0139e-01,  2.5956e-01,  1.6668e-01,  7.1301e-02, -7.8701e-03,
         3.2933e-02,  1.0438e-01,  8.9309e-02,  1.7555e-01,  3.2170e-02,
         3.7191e-02,  1.5922e-02, -3.4125e-03,  6.9125e-02,  3.7555e-01,
        -1.9301e-03,  1.3107e-02,  9.2049e-03,  2.4524e-01,  3.5280e-01,
         3.2689e-01, -8.3601e-03,  7.6076e-02,  2.2668e-01,  3.3067e-01,
        -8.6625e-03,  1.0027e-01, -2.4188e-04,  3.7537e-02, -3.7205e-03,
         4.6545e-01, -8.2471e-03,  3.2574e-01, -7.5188e-03,  6.5136e-03,
         3.8852e-01,  3.0567e-01,  2.3046e-02,  2.5877e-01,  1.3141e-01,
         5.6302e-01,  1.0312e-02,  2.3304e-02,  3.6287e-02,  1.1992e-01,
         7.8222e-02,  1.5033e-01,  1.9027e-01, -7.4927e-03,  8.5622e-02,
         1.2454e-02,  2.2569e-01, -2.5931e-04, -2.7173e-03, -6.4815e-03,
         5.7729e-03,  2.3730e-01, -8.9918e-04,  1.2041e-01,  4.1552e-01,
         1.3887e-01,  1.1462e-01,  2.1311e-01,  8.4371e-02,  3.6602e-02,
         3.4308e-01,  1.2438e-01,  6.3547e-02,  9.2801e-02,  1.5970e-03,
         2.9460e-02,  1.0027e-01,  2.3857e-01, -6.9426e-03,  2.0704e-02,
         2.0230e-01, -1.0470e-02,  8.9296e-03, -6.2462e-03,  5.9356e-01,
        -5.5688e-03,  3.0508e-01,  2.3467e-01,  3.8152e-02,  1.2460e-03,
        -7.3777e-03,  5.3098e-02,  2.7252e-01,  2.4490e-01,  2.7222e-01,
         3.3746e-01,  2.3231e-01,  3.8761e-03,  4.6271e-02,  2.9876e-01,
         6.3355e-02,  2.2734e-01,  1.9238e-01,  1.2674e-01, -1.1970e-02,
         9.1700e-02,  1.2886e-01,  1.5359e-02,  3.4572e-02,  1.6601e-01,
         6.3119e-02,  5.5140e-03,  4.0622e-01, -8.7008e-03,  1.1119e-01,
         3.3053e-01,  9.1469e-03,  6.8894e-02,  1.1075e-01,  7.1418e-02,
         1.9143e-01,  1.8120e-01, -4.8369e-03, -7.1240e-03, -4.8736e-03,
         1.5293e-02,  4.5688e-01,  4.2341e-02,  5.1626e-01, -3.4606e-03,
        -2.6422e-03,  1.7312e-01,  4.1870e-01, -4.2890e-04,  1.3957e-01,
         7.7324e-02,  1.1628e-02,  3.4096e-01,  2.4243e-02,  7.8600e-02,
         2.5617e-02,  4.0639e-02,  1.6631e-01, -7.6578e-03,  6.5827e-02,
        -5.1884e-03,  8.3084e-02, -1.6848e-03,  2.7997e-02,  5.7717e-02,
         6.1691e-02,  1.1697e-01, -9.0879e-03,  4.4001e-02,  4.9660e-02,
         7.7085e-02, -9.8604e-03,  2.0385e-01,  1.4993e-01,  3.0702e-01,
        -7.7553e-03,  2.0973e-02,  1.3312e-01, -9.2942e-03,  6.0290e-02,
         1.3413e-02,  1.0736e-01,  1.3268e-01,  1.7632e-01,  8.7352e-02,
         1.7691e-01, -7.9412e-03,  1.7512e-01,  3.8897e-02,  1.0762e-01,
         1.7084e-01,  8.0089e-02,  3.0051e-01,  2.4802e-02,  2.2394e-01,
        -9.8157e-03, -6.8478e-03,  5.0444e-02,  1.6528e-01,  8.7455e-02,
         1.2870e-01,  2.4463e-01, -7.7972e-03,  2.9782e-01,  2.6873e-01,
         6.9372e-02,  7.2793e-02, -4.3906e-03,  5.2090e-02,  3.1335e-03,
         1.6013e-01], device='cuda:0')), ('gconv.0.mlp_node_cov.3.running_var', tensor([2.6550e-01, 6.2156e-02, 1.6902e-02, 1.5716e-04, 2.7550e-01, 1.8740e-03,
        1.5408e-02, 4.3564e-03, 1.0742e-02, 1.4988e-01, 6.5110e-02, 1.3716e-02,
        1.6721e-01, 2.7415e-01, 8.9206e-02, 2.7184e-03, 6.2056e-04, 6.8343e-02,
        1.6267e-01, 9.1948e-02, 5.3691e-02, 4.7674e-01, 2.7157e-02, 2.5514e-01,
        2.7297e-02, 2.9411e-02, 9.4869e-03, 1.0217e-01, 3.4051e-02, 2.0091e-01,
        3.6295e-02, 1.5948e-03, 1.1873e-03, 1.5192e-01, 1.6413e-04, 1.1813e-01,
        1.0593e-01, 1.3549e-01, 1.7569e-01, 3.8293e-01, 1.7262e-02, 1.8903e-03,
        4.3386e-02, 9.6234e-02, 3.6176e-03, 7.0755e-02, 8.9872e-02, 5.9379e-02,
        7.2870e-02, 1.0137e-03, 3.2933e-01, 9.7408e-02, 2.3498e-03, 1.6191e-01,
        1.0360e-02, 6.5023e-02, 6.4640e-03, 4.1682e-02, 3.2534e-03, 5.5136e-02,
        1.6119e-02, 8.4136e-02, 2.8626e-02, 9.4569e-02, 3.7671e-02, 1.8297e-01,
        2.0973e-01, 8.6184e-02, 3.5116e-02, 1.7179e-03, 1.9756e-02, 5.3242e-02,
        7.6008e-02, 1.0255e-01, 2.6892e-02, 2.5057e-02, 1.1943e-02, 1.5845e-03,
        5.3020e-02, 2.5340e-01, 1.8773e-03, 1.4096e-02, 9.9861e-03, 2.1867e-01,
        1.9710e-01, 1.7510e-01, 3.3631e-04, 3.0687e-02, 1.2141e-01, 1.9782e-01,
        1.4291e-03, 6.4904e-02, 3.8895e-03, 1.7117e-02, 3.1494e-03, 2.6666e-01,
        6.0397e-04, 1.7288e-01, 1.6733e-03, 9.4057e-03, 1.9734e-01, 2.1841e-01,
        1.6741e-02, 1.3830e-01, 1.0059e-01, 3.3722e-01, 7.9800e-03, 9.6182e-03,
        2.9560e-02, 7.5656e-02, 6.1863e-02, 8.6665e-02, 1.1056e-01, 2.0350e-05,
        5.7383e-02, 9.5712e-03, 1.4177e-01, 2.7380e-03, 2.4041e-03, 5.6404e-04,
        6.7037e-03, 1.8759e-01, 4.4521e-03, 8.1050e-02, 2.0910e-01, 8.8272e-02,
        9.1246e-02, 1.7694e-01, 5.1429e-02, 1.7287e-02, 2.1923e-01, 6.9347e-02,
        3.5655e-02, 6.1418e-02, 8.5666e-03, 1.3576e-02, 5.1539e-02, 1.3352e-01,
        2.2485e-03, 2.1956e-02, 1.4690e-01, 2.2540e-03, 5.2333e-03, 5.8044e-04,
        3.8982e-01, 5.0350e-04, 2.2341e-01, 1.7380e-01, 2.6580e-02, 6.4797e-03,
        5.6369e-04, 2.9240e-02, 1.3825e-01, 2.1239e-01, 1.6414e-01, 2.3667e-01,
        1.2451e-01, 5.0682e-03, 1.9535e-02, 1.7970e-01, 3.7466e-02, 1.3159e-01,
        1.0143e-01, 7.6217e-02, 9.1830e-04, 6.2685e-02, 7.3582e-02, 1.1540e-02,
        2.6882e-02, 1.0417e-01, 5.2909e-02, 2.4442e-03, 3.2947e-01, 7.9528e-04,
        7.6980e-02, 2.7721e-01, 9.5176e-03, 3.1292e-02, 7.1206e-02, 5.6421e-02,
        1.5135e-01, 9.3099e-02, 2.8847e-03, 2.4289e-03, 7.4211e-04, 7.7832e-03,
        3.1689e-01, 3.2021e-02, 3.4315e-01, 2.2829e-03, 5.5599e-03, 6.5055e-02,
        2.5885e-01, 9.1574e-03, 1.0372e-01, 6.1532e-02, 7.5322e-03, 2.7481e-01,
        1.2079e-02, 5.9236e-02, 1.7928e-02, 2.6609e-02, 1.0709e-01, 8.5218e-04,
        3.7912e-02, 2.2495e-05, 4.6876e-02, 2.6662e-03, 1.5693e-02, 3.0140e-02,
        4.8307e-02, 1.0439e-01, 2.8505e-03, 2.1833e-02, 2.6928e-02, 4.4922e-02,
        7.2767e-05, 1.2516e-01, 8.6282e-02, 2.1487e-01, 7.4066e-04, 2.3339e-02,
        8.2362e-02, 2.3917e-04, 6.1148e-02, 1.5871e-02, 5.2171e-02, 8.3826e-02,
        1.2557e-01, 6.4939e-02, 1.2415e-01, 3.4462e-04, 1.0396e-01, 3.4787e-02,
        6.3656e-02, 9.6595e-02, 4.8482e-02, 2.7620e-01, 2.7148e-02, 1.2573e-01,
        8.7333e-04, 1.8355e-04, 3.1872e-02, 8.9430e-02, 4.9414e-02, 7.1369e-02,
        2.5433e-01, 2.7276e-04, 1.9580e-01, 1.3867e-01, 3.0689e-02, 4.3345e-02,
        2.0636e-03, 1.9452e-02, 1.5457e-03, 1.1656e-01], device='cuda:0')), ('gconv.0.mlp_node_cov.3.num_batches_tracked', tensor(20438, device='cuda:0')), ('gconv.0.mlp_node_ncov.0.weight', tensor([[ 0.0526, -0.0108, -0.0484,  ...,  0.0693,  0.0210, -0.0204],
        [-0.0657,  0.1348,  0.1690,  ...,  0.0592, -0.0499, -0.1165],
        [ 0.0691,  0.0432, -0.0419,  ..., -0.0896,  0.1170, -0.0089],
        ...,
        [-0.0484,  0.1014, -0.0919,  ...,  0.1381, -0.0236,  0.0314],
        [-0.1668,  0.1383,  0.1149,  ...,  0.0759,  0.0582, -0.0287],
        [ 0.0493, -0.0360,  0.1046,  ..., -0.0335,  0.0458,  0.0724]],
       device='cuda:0')), ('gconv.0.mlp_node_ncov.0.bias', tensor([ 6.0057e-02, -6.2227e-02, -1.9049e-02, -7.4196e-02, -6.6325e-02,
        -3.0070e-02, -6.1889e-02, -1.0960e-04, -2.4400e-02, -4.0875e-02,
         3.1093e-03, -4.9302e-02, -4.7709e-02, -1.0426e-02, -8.9524e-02,
         1.2112e-02, -3.9772e-02, -2.0311e-02, -1.5781e-01, -1.0626e-01,
        -1.2677e-01, -3.3063e-02, -1.1527e-01, -2.1787e-02, -2.2355e-03,
        -4.5896e-02, -3.9495e-02, -3.1206e-02, -7.4040e-02,  2.6424e-02,
        -8.0134e-02, -3.3876e-02,  1.6346e-02, -4.5830e-02, -1.3657e-02,
        -7.4448e-02, -9.4261e-02, -4.6988e-02, -1.2246e-01, -8.3036e-02,
        -4.2639e-02, -9.0813e-02, -1.0682e-01,  5.3277e-03, -1.2211e-01,
        -7.3100e-02, -2.9893e-02, -1.3976e-01, -3.7721e-02, -1.6555e-01,
        -1.3376e-02, -6.2641e-02, -6.8803e-02, -1.7506e-02, -8.1343e-02,
        -8.7211e-02, -9.9055e-02, -1.2726e-01,  4.5903e-04,  2.7233e-02,
        -6.9016e-02, -4.8826e-04, -6.5399e-02, -4.7905e-02, -5.5670e-02,
         1.0527e-02, -7.2615e-02, -4.6453e-03, -6.0354e-02, -2.9809e-02,
        -8.7604e-02, -7.7013e-02, -8.7331e-02, -3.8863e-02, -1.5421e-01,
        -3.3852e-02, -2.4065e-02, -4.3167e-02, -1.1119e-01, -8.3359e-02,
        -7.4949e-02, -5.0195e-03, -7.2786e-02,  1.0930e-02,  5.9588e-03,
         1.4030e-02, -6.0826e-02, -1.6090e-02, -2.6839e-02, -1.0808e-01,
        -5.4163e-02, -8.8786e-02, -4.2264e-02, -3.5124e-02, -2.9412e-02,
        -1.3268e-01, -7.0500e-02, -1.1027e-02, -2.9101e-02, -8.0718e-02,
        -3.2795e-02, -8.4449e-02, -3.1490e-02,  2.4999e-02, -6.3888e-02,
        -1.3527e-01,  1.3425e-02,  1.3498e-02, -7.3833e-02, -2.8269e-02,
         1.4711e-02, -3.0708e-02, -2.7528e-02, -1.0542e-01, -9.1694e-02,
        -1.6965e-03, -1.8211e-02, -1.2305e-01, -5.4755e-02, -1.4015e-01,
        -9.4241e-02, -5.4688e-02, -2.4718e-02, -3.0915e-02, -4.3298e-02,
        -1.9704e-02, -1.7688e-02, -1.5869e-01,  1.1987e-02,  9.3728e-03,
        -4.0972e-02,  6.6172e-02, -8.2685e-02, -3.2132e-02, -4.5769e-02,
        -1.5452e-02, -1.3564e-01, -3.8407e-02, -7.7552e-03, -2.3172e-03,
        -5.8212e-02, -4.7838e-02, -7.9478e-02, -5.4124e-02, -4.1203e-02,
        -2.6551e-02, -7.8501e-02, -1.1104e-01, -9.5448e-02,  2.5075e-02,
        -3.2690e-02, -4.5161e-02, -9.8689e-02, -7.1842e-02, -6.1878e-02,
        -1.2154e-01, -2.9732e-02, -3.2665e-02, -9.2038e-02, -6.2523e-02,
        -8.8323e-02, -7.3657e-02,  3.2610e-02, -4.2488e-02, -1.5318e-01,
        -8.6566e-02, -2.9935e-02, -1.2279e-01, -9.9160e-03, -9.9269e-02,
        -2.3766e-02, -5.4745e-02, -1.4708e-01, -1.0543e-01, -7.7464e-02,
        -6.0290e-02, -8.7210e-02, -7.9855e-03, -6.2141e-02, -1.9547e-03,
        -7.2342e-02, -1.7952e-01, -9.0666e-02, -1.1690e-01, -3.7314e-02,
        -6.4111e-02, -8.0366e-02, -1.2048e-01, -8.4097e-02,  1.0333e-02,
        -9.6207e-02, -1.8617e-02, -5.3435e-02, -1.5257e-02,  2.2899e-02,
        -1.0701e-01,  3.0055e-02,  3.4177e-02, -1.1012e-02, -5.1628e-02,
        -1.3945e-02,  4.7260e-02, -7.3995e-02, -7.4838e-02, -3.3062e-03,
        -9.6385e-02, -1.2731e-03, -8.8197e-02, -2.3562e-02, -1.1984e-01,
        -5.2283e-02, -4.9812e-02, -8.5457e-02, -4.6484e-03, -4.9142e-03,
        -7.7955e-02, -3.6460e-02, -8.2857e-02, -1.1189e-01, -1.3242e-01,
        -6.8378e-02, -1.9696e-02, -1.3504e-03, -4.7387e-02, -8.1725e-02,
        -3.3281e-03,  6.6656e-03, -5.9907e-02, -8.5040e-02, -6.0037e-02,
        -1.0535e-01,  9.1310e-02, -4.8270e-02, -1.4494e-01, -6.0666e-02,
        -5.7417e-02, -1.5513e-01,  7.9740e-03, -1.5470e-02,  2.6481e-02,
        -5.2315e-02, -5.0083e-02, -3.7504e-02, -3.7642e-02, -1.2988e-01,
        -1.0182e-01, -1.0243e-02, -2.4935e-02, -9.8693e-02, -2.8207e-02,
        -1.5665e-01, -5.6581e-02, -5.4225e-02, -3.5438e-02,  2.8772e-03,
        -5.7650e-02], device='cuda:0')), ('gconv.0.mlp_node_ncov.3.weight', tensor([0.7557, 0.8998, 0.7202, 0.7359, 0.9685, 0.9327, 0.7270, 0.8224, 0.9413,
        1.0603, 0.6375, 0.9863, 1.1710, 0.8361, 0.9394, 0.8563, 0.5851, 0.9277,
        1.0221, 0.9802, 1.1106, 0.9967, 1.1514, 0.7722, 0.9065, 0.9606, 0.9874,
        0.6593, 0.8020, 0.8868, 0.9950, 0.9483, 0.7619, 0.9390, 0.8736, 0.6696,
        1.1914, 1.2047, 0.9211, 0.8315, 0.9639, 0.8245, 0.8655, 0.8177, 1.1498,
        1.1076, 1.0467, 1.0849, 0.9074, 1.0338, 1.0311, 0.7198, 0.9625, 1.0185,
        1.0540, 0.7516, 0.9740, 0.9210, 0.7260, 0.9586, 0.9340, 1.0606, 0.8154,
        1.0927, 0.8281, 0.9387, 1.0264, 0.9026, 1.1095, 0.8394, 0.7789, 1.0892,
        0.8548, 0.9516, 1.0940, 0.8977, 0.7931, 0.9636, 1.0303, 1.0473, 0.9914,
        0.8871, 0.8249, 0.9184, 0.8490, 0.7249, 0.7708, 0.7769, 1.0068, 1.0879,
        0.7473, 1.0021, 0.7333, 0.7292, 0.7864, 0.9737, 0.6319, 1.0341, 1.1086,
        0.9317, 0.6860, 0.9517, 0.9574, 1.1472, 0.9392, 1.1241, 0.9058, 0.9482,
        1.1492, 0.7367, 0.8951, 1.0423, 0.8872, 0.7526, 1.1852, 1.0164, 0.9867,
        0.9104, 0.7541, 1.0973, 0.7716, 1.0332, 0.8199, 0.9704, 0.8643, 0.8581,
        0.9030, 1.1698, 1.0249, 0.5982, 0.7836, 0.8042, 0.8350, 0.9925, 0.7734,
        0.9823, 0.9393, 0.8704, 0.8654, 0.7520, 0.9393, 0.7101, 0.7689, 1.0314,
        1.1513, 0.7728, 0.9787, 1.0481, 0.7785, 0.8367, 1.0957, 0.6822, 1.0013,
        0.9988, 1.1644, 1.0838, 0.5381, 0.7043, 0.8819, 0.7635, 0.9406, 1.0361,
        1.0904, 0.9476, 0.9009, 0.8823, 0.8461, 0.7007, 0.9031, 1.0472, 0.9489,
        0.4376, 0.9661, 1.0209, 0.9626, 1.0619, 0.8896, 0.9416, 0.8691, 0.8915,
        1.0115, 0.9443, 1.1408, 0.9580, 0.8868, 1.0731, 0.7902, 0.8580, 1.1806,
        0.8142, 0.7915, 0.9835, 0.9468, 0.9553, 1.2132, 1.1399, 1.0550, 0.8122,
        0.7997, 0.9498, 0.8871, 0.7937, 0.8818, 0.7971, 0.7518, 0.7581, 0.8937,
        0.9398, 0.7954, 1.1368, 0.5643, 0.8666, 0.8588, 0.5788, 0.8660, 0.7346,
        0.9431, 0.9874, 0.9104, 0.9414, 0.7527, 1.1123, 0.8150, 0.7867, 0.9784,
        0.9817, 0.9228, 0.9412, 1.0290, 0.6418, 1.1906, 0.8750, 1.1670, 0.9908,
        0.7366, 0.9903, 0.8821, 1.0462, 0.7627, 1.0604, 0.7864, 0.7019, 1.0508,
        0.8657, 0.8936, 0.7874, 0.9475, 0.7559, 0.9173, 0.8994, 1.0634, 1.0845,
        0.9432, 1.1858, 1.2259, 0.8495], device='cuda:0')), ('gconv.0.mlp_node_ncov.3.bias', tensor([ 0.0133,  0.0154, -0.0459, -0.0538,  0.1085,  0.0554, -0.0831,  0.1021,
        -0.0784, -0.0289,  0.0688,  0.0189,  0.1659, -0.0112,  0.2803,  0.0077,
        -0.0808, -0.1822,  0.0114, -0.0206, -0.0557,  0.0059,  0.0051,  0.0262,
         0.0347, -0.0839,  0.2092, -0.0755,  0.0015, -0.0034, -0.1238, -0.0316,
        -0.0041, -0.0767,  0.0629,  0.0260, -0.0766, -0.0823,  0.1080, -0.2042,
         0.0339,  0.2672,  0.1029, -0.0936,  0.2328, -0.0748,  0.0743, -0.0980,
         0.1112,  0.0570, -0.0799,  0.0569, -0.0673, -0.0319,  0.0258,  0.1269,
        -0.0961, -0.0123,  0.1730, -0.0775, -0.0660, -0.0964,  0.1195,  0.0761,
        -0.0512,  0.4187,  0.0632, -0.1744,  0.3281, -0.0074, -0.0548, -0.0510,
         0.1068,  0.0699,  0.1982,  0.1309,  0.0098,  0.0292, -0.2343, -0.1369,
        -0.0229,  0.0509,  0.2171, -0.0364, -0.1093,  0.1517, -0.1228, -0.0407,
        -0.0013,  0.0591,  0.3252, -0.0277,  0.1574,  0.0626, -0.0177,  0.1340,
        -0.0357,  0.1726,  0.0609,  0.1537, -0.2079,  0.0242, -0.0493,  0.0860,
         0.0310,  0.1083,  0.2000,  0.0439,  0.0311,  0.0470,  0.0499,  0.0192,
        -0.0041, -0.0606,  0.0132,  0.0313, -0.0030,  0.0787,  0.1158,  0.3321,
        -0.0258,  0.0354, -0.0901, -0.0187,  0.0749, -0.0110,  0.0067,  0.1223,
         0.0412, -0.1609,  0.1436,  0.0637,  0.0703,  0.0872, -0.1015,  0.2165,
         0.0627, -0.0043,  0.0445, -0.1228, -0.0620,  0.0347,  0.0607,  0.0458,
         0.1227,  0.0853, -0.1520,  0.0008, -0.0806,  0.0259,  0.0786, -0.0921,
        -0.1599,  0.0040, -0.0411,  0.0372,  0.0414, -0.0024, -0.3408, -0.0875,
        -0.1256,  0.0426, -0.0264,  0.0201,  0.1009, -0.0387, -0.1835,  0.0886,
         0.0988,  0.2040, -0.0729,  0.0933, -0.0082, -0.0098, -0.0768,  0.0865,
         0.1299, -0.0268, -0.0863,  0.0796,  0.1148,  0.0646,  0.0476, -0.0329,
         0.0742, -0.0230,  0.0267,  0.1636, -0.0295, -0.0292,  0.0161, -0.1579,
         0.0007,  0.0643, -0.1059, -0.0651,  0.1896,  0.2133, -0.1102, -0.0262,
        -0.0274, -0.0241,  0.0534,  0.0543,  0.2857, -0.1666,  0.0442,  0.1188,
        -0.0452,  0.0445, -0.0238, -0.1283,  0.0251, -0.0159,  0.1899,  0.1274,
         0.0268, -0.0556, -0.1270,  0.0808, -0.1217, -0.0043, -0.1786,  0.1307,
         0.1159,  0.0762, -0.2038,  0.0410, -0.0046, -0.1453, -0.0689, -0.0284,
         0.1561,  0.0417, -0.0977,  0.0856,  0.2380,  0.0494,  0.0192,  0.0365,
         0.0404,  0.1823, -0.0589,  0.0365,  0.0543,  0.2882, -0.0810, -0.0265,
        -0.0987,  0.0257,  0.0017, -0.0210, -0.1397,  0.0981,  0.0068,  0.2170],
       device='cuda:0')), ('gconv.0.mlp_node_ncov.3.running_mean', tensor([ 2.2330e-01,  2.8564e-02, -6.3820e-03,  2.4566e-01,  1.3161e-02,
         5.0300e-02,  1.6280e-01,  1.8163e-01,  7.7958e-02,  3.8725e-02,
         5.6215e-02, -5.8640e-03,  1.8485e-02,  2.2971e-01,  5.6385e-02,
         1.4934e-01,  1.6105e-01,  1.7397e-01,  1.0883e-02,  3.7514e-03,
         8.4882e-03,  1.3281e-02, -1.2832e-03,  7.9162e-02,  2.3156e-02,
         1.4108e-01,  2.2815e-02,  2.0112e-01,  5.7225e-02,  9.9576e-02,
         4.5410e-02,  8.5824e-02,  2.4747e-02,  1.0799e-02,  2.6125e-03,
        -1.0656e-02, -4.1510e-03, -7.7289e-03,  2.4545e-02,  5.6409e-02,
         6.8858e-02,  2.5827e-02, -2.0494e-03,  2.1643e-01, -1.8334e-03,
         3.0416e-02, -1.0389e-02, -3.0923e-03,  2.8582e-02,  9.5442e-03,
         6.9084e-02,  1.4978e-01,  3.4657e-02, -1.8292e-03, -3.8221e-03,
         1.3254e-01,  2.0503e-02,  1.1346e-01, -2.2198e-03,  7.0379e-02,
         9.9517e-03,  1.9239e-03,  7.1747e-02,  4.2687e-03,  5.4337e-02,
         3.0057e-02,  3.5729e-03,  4.6949e-02,  2.1888e-02,  8.3089e-03,
         5.9598e-02, -1.0225e-02,  6.2971e-02,  3.0034e-02,  4.3409e-03,
        -9.3159e-03,  7.9389e-02, -1.1026e-04, -9.4086e-03,  1.9427e-02,
        -2.6937e-03,  3.5806e-02,  1.0788e-01,  6.5777e-02,  7.0082e-02,
         1.3704e-01, -4.3538e-03,  9.6787e-02,  5.3195e-02, -7.0665e-03,
         1.6506e-01,  1.0142e-02,  2.5449e-01, -2.5011e-03,  2.9967e-02,
        -1.2141e-02,  2.2136e-01, -6.9974e-03,  5.2027e-03, -2.6824e-03,
        -8.9359e-03,  3.8655e-02,  6.0489e-02, -1.0106e-02,  1.6758e-02,
         1.6902e-02,  8.5642e-02,  5.5818e-02,  8.9458e-03,  1.3115e-01,
         3.7738e-02,  5.5982e-05,  1.1865e-01,  8.4427e-02, -3.3808e-03,
         1.3827e-02,  2.8290e-03,  1.6151e-01,  7.6596e-02,  9.4517e-03,
        -1.1537e-02,  1.2253e-02,  1.0224e-02,  5.8582e-02,  7.0362e-02,
         9.2729e-02,  3.4196e-02,  1.4701e-02,  3.0265e-03, -7.5217e-03,
         1.1440e-01,  2.1638e-01,  4.6130e-02,  3.7442e-04,  7.8988e-02,
         2.6426e-02,  2.9541e-02,  7.3483e-02,  6.9211e-03,  1.5978e-01,
         3.2144e-02,  6.5800e-02,  6.5198e-02,  1.4763e-02,  6.2768e-03,
         1.4094e-01, -1.2443e-02,  2.3931e-03,  2.1945e-01,  1.1627e-01,
         6.6206e-03,  1.6044e-01,  4.3955e-02,  2.6231e-02, -6.4142e-03,
         3.4848e-02,  4.8195e-03,  1.2092e-01,  9.8766e-02,  1.6161e-01,
        -1.1518e-02,  1.1663e-02,  7.4760e-03, -8.7828e-03,  5.9621e-03,
         2.4085e-04,  1.7441e-01,  1.4297e-01, -5.7157e-03, -3.1094e-03,
         9.7095e-02,  2.5044e-03,  5.2173e-02, -6.3973e-03,  6.1004e-02,
         2.9786e-03, -4.1793e-03,  2.0060e-03,  3.9979e-02,  6.6376e-02,
         2.2554e-02,  2.3298e-02,  1.5671e-03,  1.6676e-03, -6.0703e-03,
         1.0843e-02, -1.1013e-02,  3.3048e-02, -7.0355e-03, -8.4270e-03,
         7.9718e-02,  1.2541e-02, -7.5460e-03,  9.4948e-02,  8.9734e-04,
         1.8954e-03,  2.3039e-01,  1.5683e-01,  4.7840e-02,  2.6433e-02,
         5.0380e-02,  5.1614e-02,  6.6518e-02,  1.4568e-02, -2.7209e-03,
         9.4677e-02,  1.0132e-01,  5.6541e-02,  2.3913e-02,  8.6609e-03,
         1.0261e-02,  3.4972e-02,  5.6619e-02, -7.9456e-03,  2.3209e-02,
         3.6979e-02,  1.2066e-01,  1.7616e-02, -5.9756e-03,  6.5241e-02,
         2.0485e-02,  1.2069e-02,  6.6527e-02,  1.2761e-01,  1.2414e-02,
         9.2042e-03, -8.5669e-03,  1.9602e-02,  1.8478e-02,  1.6584e-01,
        -7.4941e-03,  3.6838e-01,  6.2233e-03, -4.4733e-03,  1.1794e-01,
        -7.3544e-03,  4.9215e-02,  5.2450e-03,  8.2938e-02, -8.2961e-03,
         8.1209e-02,  7.1969e-02,  2.9614e-02,  4.6127e-02,  5.0397e-02,
         4.2529e-02,  1.5878e-02,  5.4574e-02,  6.3366e-02,  1.7144e-01,
        -1.0168e-02,  9.1197e-02, -1.2777e-03, -5.6166e-04, -9.0690e-03,
         5.0558e-02], device='cuda:0')), ('gconv.0.mlp_node_ncov.3.running_var', tensor([5.8705e-02, 2.4119e-02, 1.5979e-03, 2.0382e-01, 1.1573e-02, 2.3782e-02,
        9.5958e-02, 1.1081e-01, 5.8835e-02, 3.7864e-02, 2.0068e-02, 1.3624e-03,
        1.4963e-02, 1.3414e-01, 3.0541e-02, 5.6484e-02, 7.8601e-02, 7.4010e-02,
        1.2782e-02, 6.9412e-03, 7.6563e-03, 1.0153e-02, 6.3654e-03, 2.3692e-02,
        9.9464e-03, 8.7668e-02, 1.9607e-02, 1.6123e-01, 3.8643e-02, 4.5179e-02,
        2.0640e-02, 4.9335e-02, 1.0345e-02, 5.9548e-03, 3.9008e-03, 9.6636e-05,
        3.0789e-03, 1.2413e-03, 2.4294e-02, 4.2411e-02, 7.8505e-02, 2.6646e-02,
        2.1985e-03, 9.7529e-02, 4.1687e-03, 1.7783e-02, 2.5649e-04, 8.0307e-03,
        1.6799e-02, 1.3899e-02, 4.6054e-02, 1.0879e-01, 2.9585e-02, 2.8108e-03,
        3.3952e-03, 9.4309e-02, 1.3915e-02, 6.6276e-02, 2.6535e-03, 3.3705e-02,
        9.4737e-03, 5.0847e-03, 6.7421e-02, 6.0495e-03, 3.3654e-02, 3.1405e-02,
        1.0948e-02, 1.7409e-02, 1.8505e-02, 7.5235e-03, 5.4563e-02, 9.8457e-04,
        4.6035e-02, 1.4946e-02, 1.3225e-02, 4.5096e-04, 3.6533e-02, 4.5786e-03,
        1.2196e-03, 1.3109e-02, 2.0494e-03, 2.1194e-02, 7.0141e-02, 2.2564e-02,
        4.1452e-02, 4.7244e-02, 1.7913e-03, 5.0012e-02, 4.5381e-02, 2.1110e-03,
        7.0517e-02, 6.7605e-03, 1.1240e-01, 2.9241e-03, 1.9126e-02, 5.6549e-04,
        2.7057e-01, 1.8740e-03, 8.8921e-03, 1.8233e-03, 1.7652e-04, 3.5800e-02,
        3.5975e-02, 4.2440e-04, 1.4608e-02, 1.4740e-02, 5.0723e-02, 3.9492e-02,
        1.0187e-02, 7.7543e-02, 2.8667e-02, 3.4028e-03, 7.5113e-02, 3.5318e-02,
        2.4154e-03, 8.8913e-03, 6.1146e-03, 9.8885e-02, 6.8214e-02, 1.4052e-02,
        2.8608e-04, 1.3339e-02, 9.0646e-03, 3.6676e-02, 3.9905e-02, 4.9013e-02,
        1.6668e-02, 1.1974e-02, 6.4864e-03, 1.1543e-04, 7.1183e-02, 6.0929e-02,
        2.4235e-02, 5.5974e-03, 5.0061e-02, 1.7622e-02, 2.6067e-02, 3.8247e-02,
        5.7380e-03, 1.2632e-01, 1.3914e-02, 6.4339e-02, 4.3950e-02, 2.0233e-02,
        7.2129e-03, 5.6852e-02, 4.6156e-04, 7.7143e-03, 1.3274e-01, 4.3915e-02,
        7.9125e-03, 9.3885e-02, 2.4335e-02, 1.7352e-02, 3.4159e-03, 2.8983e-02,
        2.7146e-03, 7.9709e-02, 4.3040e-02, 1.0853e-01, 1.9256e-04, 1.2741e-02,
        7.6137e-03, 5.5156e-04, 7.6511e-03, 3.3590e-03, 1.1451e-01, 1.1606e-01,
        2.2270e-03, 3.2646e-03, 6.8625e-02, 1.5943e-03, 3.4023e-02, 1.7167e-03,
        3.0018e-02, 5.4064e-03, 2.7052e-03, 2.6411e-03, 3.1568e-02, 4.3148e-02,
        1.9128e-02, 2.9799e-02, 7.7612e-03, 4.9230e-03, 9.9590e-04, 1.4169e-02,
        4.1260e-04, 1.6505e-02, 2.2058e-03, 6.0464e-04, 4.0589e-02, 1.1216e-02,
        1.3746e-03, 3.1344e-02, 4.9778e-03, 5.5115e-03, 5.8481e-02, 5.4151e-02,
        2.3689e-02, 1.7604e-02, 3.9870e-02, 2.6600e-02, 4.8440e-02, 6.4288e-03,
        3.0304e-03, 5.2703e-02, 4.7682e-02, 3.2453e-02, 1.9228e-02, 1.0038e-02,
        8.0901e-03, 2.2722e-02, 3.2366e-02, 5.1297e-05, 2.6092e-02, 2.9208e-02,
        4.3445e-02, 1.0355e-02, 1.0972e-03, 6.3215e-02, 1.5619e-02, 9.9237e-03,
        2.7092e-02, 6.8753e-02, 1.5011e-02, 5.9355e-03, 2.7410e-04, 1.4159e-02,
        1.4727e-02, 9.7447e-02, 2.0654e-03, 1.0285e-01, 8.1405e-03, 4.8727e-03,
        7.5796e-02, 9.7736e-04, 4.5747e-02, 3.7519e-03, 6.0746e-02, 5.2040e-04,
        3.7125e-02, 3.4424e-02, 1.6436e-02, 3.1200e-02, 3.5280e-02, 3.8936e-02,
        1.9270e-02, 1.9547e-02, 4.8105e-02, 5.6458e-02, 6.3862e-04, 4.3011e-02,
        3.3608e-03, 4.4704e-03, 1.6710e-03, 3.3972e-02], device='cuda:0')), ('gconv.0.mlp_node_ncov.3.num_batches_tracked', tensor(20438, device='cuda:0')), ('gconv.0.mlp_coord_cov.0.weight', tensor([[-1.5209e-03,  2.5648e-01,  3.1745e-01,  ..., -4.7389e-05,
         -6.1391e-07, -1.8528e-11],
        [-5.4880e-04,  1.5675e-02, -4.9937e-01,  ..., -1.9631e-05,
         -2.7551e-07, -1.7192e-11],
        [ 3.0017e-05,  3.2128e-02, -1.2039e-01,  ..., -4.8535e-05,
         -3.1651e-08,  4.5112e-12],
        ...,
        [-2.6929e-03,  1.3892e-01, -2.1801e-01,  ..., -4.5508e-04,
          1.3169e-06,  2.8080e-11],
        [-2.0736e-03,  6.3974e-02,  2.0812e-02,  ..., -2.3104e-04,
         -4.0281e-07, -4.3339e-11],
        [-1.0696e-04,  1.7858e-01,  6.4867e-01,  ..., -1.3231e-04,
         -1.5225e-07, -1.0419e-11]], device='cuda:0')), ('gconv.0.mlp_coord_cov.0.bias', tensor([ 0.3005, -0.0674, -0.1073, -0.1782, -0.0678, -0.0117, -0.0872,  0.0694,
         0.0624,  0.3041,  0.3941, -0.0052,  0.1383, -0.0893,  0.2178, -0.1727,
        -0.1951, -0.0230, -0.2634, -0.1054, -0.0908, -0.0643, -0.2830, -0.1333,
         0.0681, -0.1661, -0.0425, -0.0937,  0.1048,  0.0057, -0.1023,  0.1622,
         0.1846, -0.0260, -0.1909, -0.0329,  0.1085,  0.4557,  0.3369,  0.0405,
        -0.0094, -0.0608, -0.1935, -0.2144, -0.1062,  0.2041, -0.2328, -0.1880,
         0.2388,  0.1388, -0.1658,  0.0497,  0.1536, -0.1805,  0.1157, -0.1755,
        -0.0805, -0.2387,  0.0157,  0.0048, -0.0921, -0.0053,  0.0385, -0.0193,
        -0.0553, -0.0380, -0.1796,  0.0241, -0.2713, -0.0274, -0.2127, -0.2557,
        -0.0897, -0.1633, -0.0199, -0.0111,  0.0026,  0.1562,  0.3560, -0.0919,
        -0.0090,  0.0644,  0.1670,  0.0294, -0.1780,  0.1062,  0.0617, -0.2102,
        -0.0891, -0.1190, -0.2176,  0.0903,  0.4414,  0.1760,  0.0569, -0.2245,
        -0.0697,  0.0440, -0.0521, -0.0951, -0.1047, -0.1791, -0.0180,  0.0190,
         0.2358,  0.4756, -0.0034,  0.0846,  0.0319, -0.1944,  0.0070,  0.3433,
        -0.2348, -0.0688,  0.1781, -0.1682,  0.1240, -0.2304, -0.2351, -0.1352,
         0.0152, -0.1205, -0.1441,  0.2015, -0.2331, -0.0284,  0.0066,  0.1687,
        -0.1445,  0.1345, -0.1604,  0.0724, -0.0524, -0.0408,  0.1330, -0.0108,
        -0.2730,  0.1803, -0.1989, -0.1378,  0.0816, -0.0122,  0.0788,  0.1140,
        -0.0890,  0.2177, -0.0218, -0.1568,  0.3342,  0.2580,  0.0223, -0.0329,
         0.1803,  0.1125,  0.1200, -0.2226,  0.0071, -0.1778,  0.3129,  0.1883,
         0.1448,  0.0597, -0.0344, -0.1415,  0.1777, -0.1071,  0.4735,  0.1323,
         0.4558,  0.3647, -0.1153,  0.2025, -0.0893, -0.0475,  0.0590, -0.2411,
        -0.2369, -0.1581,  0.1869, -0.0887,  0.0364,  0.1601, -0.0476, -0.0117,
        -0.0822,  0.0565, -0.0629, -0.0119,  0.1056,  0.1573,  0.2582,  0.0434,
        -0.1001, -0.1647,  0.0303, -0.1494, -0.0342,  0.5225, -0.1653,  0.0724,
        -0.1865,  0.1379,  0.0833, -0.0905,  0.1734, -0.0048, -0.1448, -0.1349,
        -0.2186, -0.0267, -0.1806, -0.0497,  0.1048, -0.1259, -0.1639, -0.1326,
         0.0059,  0.2117,  0.1571, -0.2473, -0.2086, -0.1421, -0.1556, -0.1283,
         0.4602, -0.0835,  0.0170, -0.0489, -0.1141, -0.1956, -0.1502,  0.0967,
        -0.1251, -0.1391, -0.0209,  0.2052, -0.0812, -0.2745,  0.0095, -0.0884,
        -0.0526,  0.0866, -0.1194,  0.0751,  0.1179, -0.0855,  0.1496, -0.1208,
        -0.1750,  0.2377, -0.1200, -0.0945, -0.1413,  0.0911, -0.1903, -0.0031],
       device='cuda:0')), ('gconv.0.mlp_coord_ncov.0.weight', tensor([[-6.4820e-03, -1.9688e-02, -1.3048e-01,  ...,  4.5854e-01,
         -3.1532e-01,  1.6541e-03],
        [-3.9373e-03,  9.1076e-03, -2.0647e-02,  ..., -4.7475e-01,
          5.8930e-01, -7.3589e-03],
        [ 4.2960e-03, -2.8898e-03, -1.2516e-02,  ...,  4.4684e-02,
          8.4510e-03, -2.4116e-02],
        ...,
        [ 1.4396e-03, -5.5767e-03, -2.5771e-01,  ...,  4.3886e-01,
         -9.4238e-01, -1.0961e-01],
        [ 1.1213e-03,  4.4498e-03, -8.2212e-03,  ...,  3.8817e-01,
          3.9393e-01,  1.4974e-02],
        [-2.6533e-04,  2.7856e-03, -2.6932e-02,  ..., -6.3741e-01,
          9.2319e-02,  4.1442e-03]], device='cuda:0')), ('gconv.0.mlp_coord_ncov.0.bias', tensor([ 2.7459e-01,  1.0246e-01, -2.0093e-01, -1.0186e-01, -2.1459e-01,
         1.4438e-01, -1.8752e-01,  2.4131e-01,  5.8515e-02, -6.9407e-02,
         9.3598e-02, -6.7235e-02,  8.6910e-02,  2.2698e-01, -1.7646e-01,
         1.7346e-01,  1.5179e-01,  1.2917e-01,  4.5848e-02,  3.7927e-02,
         1.4052e-01, -1.6036e-01,  9.5652e-03, -9.5947e-02,  8.2739e-02,
         2.5702e-01,  6.3337e-02,  3.1840e-01,  5.0598e-02, -1.7918e-01,
        -2.2787e-01, -4.3238e-02, -4.2142e-02,  2.1433e-01,  4.6980e-02,
         2.2485e-01, -1.8191e-02, -1.5481e-01, -1.9478e-01,  4.1142e-02,
        -8.6578e-02, -1.9668e-01, -2.5882e-01,  1.5975e-01, -2.8069e-01,
        -6.6737e-02, -2.4351e-01, -1.9927e-01,  7.1676e-02,  2.7909e-01,
        -2.0331e-01,  2.4195e-02,  1.8122e-02,  2.7847e-01,  3.3960e-01,
        -2.5992e-02,  1.8713e-01, -2.1124e-02, -9.2365e-02,  6.8902e-02,
         2.3635e-01,  3.6239e-02, -2.0016e-01,  7.4160e-02, -7.0161e-02,
         2.6269e-01,  3.4848e-01, -8.5781e-03,  1.0347e-01,  6.8746e-02,
         1.5657e-01,  1.0901e-01,  1.5227e-01, -2.7493e-01,  1.1501e-01,
         1.9715e-01,  2.6453e-01,  1.9381e-01, -2.4914e-01,  9.8522e-03,
         2.7009e-01, -7.7906e-02, -3.0530e-01,  1.7720e-01, -3.0828e-01,
        -6.1445e-03, -1.6764e-01, -6.9015e-02, -2.2633e-01, -4.9151e-02,
        -2.8468e-01, -1.4104e-01,  2.6443e-01,  2.9847e-01, -1.6614e-01,
         1.1621e-01,  3.0319e-01,  9.1021e-02, -1.7598e-02,  1.8358e-01,
         2.1112e-01,  2.5416e-01,  2.9172e-01, -1.2831e-01,  2.3693e-04,
         2.0458e-01,  2.7863e-01, -3.3499e-02,  3.0426e-01, -8.0296e-02,
        -1.9502e-01, -1.6167e-01,  2.6829e-01,  1.0400e-01, -2.7773e-01,
         2.2189e-01,  1.5628e-01,  2.1671e-01, -9.5575e-02, -1.6226e-02,
         2.2304e-01,  2.2917e-02,  4.9080e-02,  1.8152e-01,  1.8393e-01,
         2.8418e-01, -1.4103e-01,  1.2003e-01, -3.2642e-02,  1.5251e-02,
        -2.3488e-01,  3.0080e-01, -1.4176e-01, -2.1810e-01, -2.1472e-01,
        -4.6058e-02,  8.7941e-02,  4.3315e-02, -9.6520e-02,  1.9227e-01,
         1.8995e-01,  1.6081e-01, -3.1513e-02, -2.0997e-01, -1.4881e-02,
         1.0881e-02, -2.2796e-01,  2.4796e-01,  1.0495e-02, -1.8377e-02,
        -1.4730e-01, -2.0099e-01,  1.5573e-01,  2.1012e-01,  6.2899e-02,
         1.0545e-01, -1.8029e-02, -2.2898e-01,  1.5779e-01, -1.2809e-01,
         2.9951e-01,  7.9353e-02,  9.8863e-02,  5.7201e-02,  2.2648e-01,
        -7.7547e-03, -2.9835e-01, -1.0683e-01,  3.1858e-01,  2.5571e-01,
        -1.3850e-01, -1.6310e-01,  1.1621e-01,  4.4413e-02, -1.6929e-01,
        -7.7348e-02, -8.1861e-02,  5.0523e-02,  5.1804e-02,  1.8563e-01,
         6.1137e-02, -1.4891e-01, -2.5359e-01, -1.2198e-01,  2.4927e-01,
         2.8242e-01, -2.3440e-01,  2.2385e-01,  1.0333e-01,  1.0362e-01,
         9.6350e-02, -8.0866e-02,  5.6388e-02, -2.7407e-01, -3.7334e-02,
        -6.0144e-02, -2.2555e-01,  1.6459e-01,  8.3897e-02,  2.5293e-01,
         2.4182e-01, -3.4994e-02,  3.1206e-01,  3.6158e-01, -1.1967e-02,
         3.0059e-01,  2.7848e-01, -1.2074e-01,  9.0467e-02,  1.2414e-01,
         2.0342e-02,  7.7513e-02,  1.0290e-01,  1.7749e-01, -7.9541e-03,
         1.4692e-01, -1.1882e-01,  3.1967e-01, -8.6855e-03,  3.1149e-01,
        -2.4270e-01, -3.0246e-01,  1.9748e-02, -1.7765e-01,  2.1833e-01,
        -7.5057e-02, -1.1224e-01,  2.7474e-01,  8.1380e-02, -5.4787e-02,
        -1.2484e-01, -1.5688e-01,  4.7659e-02,  1.6158e-01,  3.4480e-01,
         2.3149e-01, -1.1886e-01,  1.4416e-01, -1.4139e-01, -4.6393e-02,
        -2.6086e-02, -1.5750e-01,  2.4154e-01, -1.2408e-01, -1.4152e-01,
         3.0372e-02, -1.0079e-01,  1.9464e-01, -1.8025e-01,  1.7287e-01,
        -1.5187e-01,  2.3305e-01, -1.2489e-01,  1.5212e-01, -2.6132e-01,
         3.3155e-02], device='cuda:0')), ('gconv.1.mlp_node_cov.0.weight', tensor([[ 0.0279,  0.0322, -0.0755,  ...,  0.0865, -0.1639, -0.0604],
        [ 0.0375, -0.0469,  0.0167,  ...,  0.0463,  0.2399,  0.0675],
        [-0.1238,  0.0820,  0.0208,  ..., -0.0784, -0.0198,  0.0092],
        ...,
        [-0.0132,  0.1806,  0.0261,  ..., -0.0122,  0.0095, -0.0968],
        [-0.0119, -0.0057, -0.0980,  ..., -0.0037,  0.1615, -0.0412],
        [-0.0570,  0.0548,  0.0781,  ...,  0.0286, -0.0653,  0.0431]],
       device='cuda:0')), ('gconv.1.mlp_node_cov.0.bias', tensor([-0.1127, -0.0819, -0.1622, -0.0543, -0.0839, -0.0533, -0.1319, -0.0829,
         0.0018, -0.0204, -0.0619, -0.0801, -0.0608, -0.0097, -0.0768, -0.0465,
        -0.0254, -0.0777, -0.0992, -0.1032,  0.0040, -0.0678, -0.1092, -0.0958,
        -0.0832, -0.0521, -0.0831, -0.0712, -0.0224, -0.0839, -0.0907, -0.0512,
        -0.1567, -0.0063, -0.1138, -0.0226, -0.0605, -0.0675, -0.0993, -0.1355,
        -0.0289, -0.0595, -0.1185, -0.0698, -0.0202, -0.0543, -0.1103, -0.0435,
        -0.0904, -0.0444, -0.1109, -0.0734, -0.0739, -0.1115, -0.0737, -0.1189,
        -0.0352,  0.0191, -0.0343, -0.0613, -0.0953, -0.0353, -0.0180, -0.1039,
        -0.0583, -0.0997, -0.0283, -0.1365, -0.0630, -0.0540, -0.0192, -0.0897,
        -0.0644, -0.0551, -0.0423, -0.1518, -0.1046, -0.0944,  0.0089, -0.0470,
        -0.0775, -0.1012, -0.0797,  0.0096, -0.0258, -0.0488, -0.0708, -0.1194,
        -0.1078, -0.1276, -0.0151, -0.0561, -0.1133, -0.0206, -0.0086,  0.0112,
        -0.0075, -0.0623, -0.1401, -0.0174, -0.1423,  0.0240, -0.0631, -0.0422,
        -0.0338, -0.1527, -0.0479, -0.1115, -0.0502, -0.0602, -0.0249, -0.1029,
        -0.0644, -0.0478, -0.0681,  0.0029, -0.0060,  0.0081,  0.0181, -0.1017,
        -0.0961, -0.0551, -0.0769, -0.0572, -0.1034, -0.0054, -0.0495, -0.0009,
        -0.1268, -0.1250, -0.0663, -0.1070, -0.0942, -0.0172, -0.0651, -0.0309,
        -0.1016, -0.0392, -0.2168, -0.1752, -0.0083, -0.0651, -0.0540, -0.1018,
        -0.0731, -0.0461, -0.1240, -0.0021, -0.0339, -0.0133, -0.1094, -0.0572,
        -0.0929, -0.0467, -0.0548, -0.1421, -0.0186, -0.1021, -0.0480, -0.0171,
        -0.1084, -0.1145,  0.0267, -0.1082, -0.1068,  0.0898, -0.0884, -0.0668,
        -0.1322, -0.0474, -0.1157, -0.1325, -0.1009, -0.0172, -0.0878, -0.1580,
        -0.0206, -0.0671, -0.0524, -0.0644, -0.1443, -0.1021, -0.0822, -0.0641,
        -0.0694, -0.0637, -0.1310, -0.0628, -0.1558, -0.0484, -0.1206, -0.1025,
        -0.0141, -0.0340, -0.0684, -0.0355, -0.0802, -0.0310, -0.0875, -0.0816,
        -0.0603, -0.0516, -0.0793,  0.0028, -0.1309, -0.0012, -0.1294, -0.0741,
        -0.0673, -0.0555, -0.0775, -0.0468, -0.0820, -0.0303, -0.0386, -0.0833,
        -0.0246, -0.1158, -0.1634, -0.0926, -0.1623, -0.0488, -0.0614, -0.0613,
        -0.0924, -0.1254, -0.0788, -0.0116, -0.1613, -0.1159, -0.0732, -0.0635,
        -0.1462, -0.0400, -0.0861, -0.1073, -0.0113, -0.0698, -0.0405, -0.0565,
        -0.0496, -0.0591, -0.0714, -0.0827, -0.1181,  0.0371, -0.0701, -0.1070,
        -0.0881, -0.0596, -0.0999, -0.0416, -0.0714, -0.0573, -0.0678, -0.0313],
       device='cuda:0')), ('gconv.1.mlp_node_cov.3.weight', tensor([0.7991, 0.8214, 0.8574, 0.7560, 0.7110, 0.7711, 0.8188, 0.8001, 0.7692,
        0.7199, 0.7333, 0.8453, 0.7551, 0.7771, 0.7501, 0.7345, 0.7222, 0.8099,
        0.7714, 0.7009, 0.6767, 0.8038, 0.8340, 0.8159, 0.8310, 0.7486, 0.7327,
        0.8773, 0.8588, 0.7169, 0.7786, 0.7951, 0.7997, 0.7613, 0.8819, 0.7513,
        0.8017, 0.6655, 0.7224, 0.8416, 0.7471, 0.8083, 0.8387, 0.7906, 0.9125,
        0.7895, 0.7565, 0.8558, 0.8035, 0.6883, 0.8329, 0.8027, 0.7474, 0.7814,
        0.7706, 0.8960, 0.8684, 0.7718, 0.8197, 0.7719, 0.8245, 0.7499, 0.7204,
        0.8137, 0.8564, 0.8094, 0.8375, 0.7808, 0.7959, 0.8318, 0.7453, 0.7912,
        0.7935, 0.7390, 0.6639, 0.8803, 0.8191, 0.7243, 0.9046, 0.7269, 0.6822,
        0.8159, 0.8296, 0.8646, 0.7643, 0.8470, 0.8149, 0.8276, 0.8468, 0.8407,
        0.7618, 0.7580, 0.7867, 0.7354, 0.7563, 0.7056, 0.7515, 0.7975, 0.8581,
        0.7468, 0.7793, 0.7914, 0.8679, 0.7638, 0.8697, 0.7691, 0.7900, 0.7837,
        0.7968, 0.6798, 0.5900, 0.7386, 0.6722, 0.7125, 0.9009, 0.8414, 0.7694,
        0.7886, 0.8760, 0.8280, 0.8128, 0.6308, 0.7248, 0.7355, 0.8572, 0.8578,
        0.7260, 0.8480, 0.8920, 0.8721, 0.7627, 0.8751, 0.8963, 0.8452, 0.7950,
        0.8079, 0.7273, 0.8266, 0.9021, 0.8459, 0.8105, 0.7901, 0.7359, 0.8381,
        0.8811, 0.7134, 0.8164, 0.7457, 0.8305, 0.8005, 0.7405, 0.7722, 0.7186,
        0.7843, 0.7238, 0.7693, 0.6485, 0.7842, 0.7253, 0.6692, 0.7697, 0.7552,
        0.7343, 0.8346, 0.8684, 0.8064, 0.8032, 0.8241, 0.8742, 0.7827, 0.7027,
        0.8553, 0.7505, 0.7440, 0.6606, 0.9098, 0.7488, 0.8069, 0.7394, 0.6682,
        0.8452, 0.8841, 0.8671, 0.8358, 0.7455, 0.8247, 0.8770, 0.8468, 0.8771,
        0.7810, 0.7647, 0.8100, 0.8380, 0.7672, 0.8722, 0.6827, 0.8407, 0.8613,
        0.7489, 0.7826, 0.8681, 0.6812, 0.7862, 0.8438, 0.7692, 0.7417, 0.8555,
        0.8399, 0.8860, 0.7227, 0.7371, 0.8255, 0.7661, 0.6239, 0.6595, 0.7134,
        0.6962, 0.8945, 0.9056, 0.8142, 0.8961, 0.8241, 0.6536, 0.7272, 0.6954,
        0.8562, 0.7794, 0.7312, 0.9018, 0.7154, 0.9218, 0.8141, 0.8414, 0.7233,
        0.7806, 0.8325, 0.6742, 0.6026, 0.7725, 0.8438, 0.7677, 0.7995, 0.7577,
        0.7319, 0.8781, 0.6783, 0.7418, 0.7343, 0.7844, 0.8483, 0.7145, 0.7521,
        0.8094, 0.7399, 0.7864, 0.7133], device='cuda:0')), ('gconv.1.mlp_node_cov.3.bias', tensor([ 2.7959e-01, -6.3275e-02,  3.1790e-02,  2.1938e-02, -9.7993e-02,
         3.7531e-02,  1.2001e-01,  3.8230e-03,  2.5287e-01, -4.6989e-02,
         9.1167e-02,  6.8668e-02,  1.7431e-01,  2.8014e-02,  1.1934e-01,
        -2.4281e-01, -1.8341e-02, -1.1453e-02,  1.6837e-01,  6.3820e-02,
         3.0752e-01, -3.2847e-02,  1.8643e-01,  3.8330e-02, -1.0914e-02,
         1.6886e-01,  4.5571e-02, -1.4521e-01,  6.7967e-02,  1.2495e-01,
         1.1017e-01, -2.5737e-02,  2.1386e-01, -3.9085e-02, -1.2393e-01,
         6.9543e-02,  1.2398e-01,  7.9192e-02,  8.5489e-02,  6.7582e-03,
         1.6076e-01,  1.3680e-01, -1.3681e-02,  2.8164e-01,  1.8684e-01,
         5.4150e-02, -1.0193e-01, -3.3229e-02, -3.9807e-02,  1.2056e-01,
         2.0922e-01, -8.5105e-02,  3.3837e-02, -1.6330e-01,  6.6250e-02,
         5.8883e-02,  1.3067e-01, -1.9117e-02, -5.4241e-02,  1.1999e-01,
        -7.5519e-02,  4.5968e-02,  1.6237e-01,  3.7818e-02, -1.4070e-01,
        -7.3857e-04,  3.2979e-03,  1.8784e-01,  1.5509e-01,  1.9476e-01,
         9.3254e-02, -1.2414e-01,  4.5847e-02, -1.1155e-01,  2.4378e-02,
         1.0061e-01,  5.0804e-03,  1.5872e-01, -8.1242e-02, -1.0941e-01,
         6.4076e-02, -1.0100e-01,  2.6309e-04,  3.7442e-01,  4.2211e-03,
         3.1301e-02,  1.9597e-01,  3.1864e-02, -5.8157e-02,  2.3585e-01,
        -5.5734e-02,  9.3970e-02,  3.5936e-01, -1.3543e-01,  1.1174e-02,
        -1.0124e-01,  2.9204e-01, -9.0908e-02,  2.1002e-01, -2.5571e-02,
         1.3586e-01,  4.5132e-02,  2.8629e-01,  1.1221e-01, -3.4107e-02,
         4.4916e-02, -6.9756e-02, -1.8447e-01,  1.5098e-02,  3.3658e-01,
         1.5501e-01, -1.3675e-01,  2.1159e-01,  3.2531e-01,  4.9376e-02,
         7.6059e-02,  4.3086e-02,  3.3263e-01, -3.3012e-02,  1.2875e-01,
         1.6696e-01,  1.0995e-01,  1.9967e-02,  8.7603e-02,  4.7299e-02,
         9.1091e-02, -1.6312e-02,  2.0460e-01,  5.4955e-03,  1.6975e-01,
        -5.3985e-02,  5.5373e-02,  2.1447e-01,  3.1174e-02,  1.6322e-02,
        -2.2263e-02, -1.4187e-01, -2.2086e-01, -9.3207e-02,  4.3869e-01,
        -1.7888e-02, -1.8179e-02, -1.1389e-02,  3.5299e-02, -1.4133e-03,
        -3.1348e-01,  2.2361e-01, -4.0379e-02,  1.0631e-01,  1.3576e-02,
         1.9423e-01,  5.5733e-02, -5.9476e-02, -2.9025e-02,  2.1682e-01,
        -4.9781e-02,  1.0525e-01,  2.1434e-01, -3.9046e-03, -1.2016e-01,
        -2.8137e-02,  8.2920e-02,  3.0498e-02,  1.1669e-01,  2.0340e-01,
         1.0603e-01,  4.0117e-02, -7.6086e-02, -8.9162e-02,  7.4581e-02,
         8.0717e-02,  4.3705e-02,  8.2774e-02,  1.9434e-01,  2.4960e-02,
         8.8320e-02,  5.5317e-02,  2.9436e-02,  1.0333e-01,  1.0254e-01,
        -7.7014e-02,  5.8374e-02,  4.2207e-02, -9.8749e-02, -1.0674e-01,
         8.8148e-02,  2.4474e-02, -8.7121e-02, -5.9925e-02,  1.0783e-01,
         8.8160e-02,  2.4065e-02,  1.3038e-02,  2.0157e-02, -5.9012e-02,
         4.2182e-02, -3.4215e-02,  1.1345e-01, -1.9935e-02,  1.7470e-01,
        -7.6079e-02,  1.4601e-01,  1.7244e-01,  1.1171e-01,  3.6229e-02,
         5.6303e-02,  8.6868e-02,  1.7064e-01,  3.0172e-01,  2.0747e-02,
         6.8449e-02, -2.3289e-02,  9.4786e-02,  1.8448e-01, -7.7733e-02,
         1.7057e-01, -8.3046e-02,  9.1512e-02, -5.4218e-02,  1.6269e-01,
         1.3938e-01,  7.9186e-02, -1.2055e-01,  2.4657e-02,  2.2299e-01,
        -6.2824e-02, -1.8986e-02,  2.5710e-01, -4.4392e-02, -6.5199e-03,
        -3.5299e-02, -2.3543e-02, -2.4432e-02, -3.5410e-02,  1.2086e-01,
         1.1743e-02,  8.7090e-02,  1.6685e-01, -1.3930e-01, -6.4316e-02,
         1.5706e-01, -6.8484e-02,  1.0281e-01,  1.9141e-01,  6.4189e-02,
        -3.6139e-02,  1.8863e-01,  1.4780e-01,  2.0515e-01, -1.0644e-01,
         1.6474e-02,  1.1861e-01,  4.7322e-02, -1.0172e-01,  1.2789e-01,
        -1.1042e-02], device='cuda:0')), ('gconv.1.mlp_node_cov.3.running_mean', tensor([0.2552, 0.3837, 0.2232, 0.4101, 0.6937, 0.3239, 0.3127, 0.4931, 0.9150,
        0.8454, 0.7281, 0.2662, 0.8807, 0.7816, 0.2808, 0.3402, 0.5050, 0.3570,
        0.7791, 0.8846, 1.2122, 0.2962, 0.4135, 0.2003, 0.3161, 0.5083, 0.5388,
        0.4155, 0.6764, 0.4521, 0.6666, 0.9156, 0.3761, 0.4782, 0.3359, 0.6060,
        0.2565, 0.5374, 0.4531, 0.2563, 0.5628, 0.3587, 0.4942, 0.4302, 0.3807,
        0.4320, 0.1915, 0.5918, 0.3929, 0.7181, 0.2112, 0.6396, 0.4510, 0.5441,
        0.3352, 0.3389, 0.2809, 0.8502, 0.3272, 1.0225, 0.3538, 0.3033, 0.9240,
        0.5133, 0.8059, 0.3195, 0.4128, 0.4847, 0.3830, 0.8676, 0.5840, 0.2788,
        0.3398, 0.2404, 0.8652, 0.2859, 0.1574, 0.3466, 0.3056, 0.3723, 0.4815,
        0.3022, 0.3825, 0.6602, 0.8346, 0.7262, 0.7312, 0.3213, 0.3581, 0.2112,
        0.4973, 0.6799, 0.6188, 0.3621, 0.6629, 0.4201, 0.9424, 0.5718, 0.7647,
        0.4642, 0.3337, 0.4385, 0.4912, 0.5673, 0.5178, 0.3035, 0.4088, 0.1205,
        0.3514, 0.7497, 0.5008, 0.3058, 0.4667, 0.2889, 0.3297, 0.7295, 0.8860,
        1.0730, 0.9183, 0.4820, 0.6784, 0.6681, 0.6276, 0.5784, 0.3815, 0.5730,
        0.3255, 0.4539, 0.1568, 0.3275, 0.6308, 0.3944, 0.6689, 0.2054, 0.3520,
        0.7234, 0.1389, 0.1979, 0.3306, 0.4659, 0.7821, 1.0814, 0.8668, 0.3745,
        0.3195, 0.2356, 0.4455, 0.7288, 0.5490, 1.0077, 0.3692, 0.9537, 0.1869,
        0.5346, 0.9652, 0.2433, 0.7688, 0.3544, 0.6262, 0.5245, 0.4368, 0.2372,
        0.9643, 0.3360, 0.1813, 1.3620, 0.6710, 0.2733, 0.3075, 0.1639, 0.1468,
        0.5463, 0.3444, 0.5436, 0.5240, 0.2708, 0.3901, 0.8508, 0.3648, 0.8271,
        0.2363, 0.5576, 0.1656, 0.5446, 0.2055, 0.5510, 0.4280, 0.5212, 0.4584,
        0.7562, 0.7077, 0.2567, 0.7108, 0.4799, 0.3537, 0.6203, 0.3724, 0.5197,
        0.2473, 0.3291, 0.3905, 0.9766, 0.7582, 0.6236, 0.2172, 0.8302, 0.3846,
        0.4443, 0.5399, 0.5408, 0.5662, 0.0708, 0.3209, 0.4757, 0.3013, 0.4655,
        0.4774, 0.4167, 0.2078, 0.7969, 0.5196, 0.6911, 0.4140, 0.6379, 0.5451,
        0.2358, 0.5448, 0.6521, 0.1474, 0.0828, 0.1997, 0.3575, 0.2706, 0.3655,
        0.3334, 0.4969, 0.7743, 0.5079, 0.4027, 0.5269, 0.1659, 0.3050, 0.3834,
        0.4000, 0.5897, 0.3858, 0.5828, 0.3387, 0.4204, 0.4642, 0.3290, 0.1369,
        0.7204, 0.3396, 0.3280, 0.2185], device='cuda:0')), ('gconv.1.mlp_node_cov.3.running_var', tensor([1.0345, 1.3066, 0.7962, 2.0064, 1.9692, 0.8634, 1.4125, 1.4886, 1.2088,
        2.2855, 1.6247, 0.8202, 2.4800, 3.3722, 1.1129, 0.9720, 0.8889, 1.0396,
        3.5813, 2.2316, 4.0344, 1.0606, 1.8148, 0.5937, 0.9944, 1.6495, 0.9803,
        1.3440, 1.3150, 1.3303, 1.2598, 2.6487, 1.8856, 1.1722, 1.7606, 1.5720,
        0.9122, 1.3887, 0.8673, 1.4325, 1.8374, 1.1200, 2.6482, 1.4879, 1.6079,
        1.4502, 0.6693, 1.9579, 1.1052, 1.2921, 0.8273, 2.7795, 1.1728, 2.3410,
        0.9435, 1.3775, 0.8673, 2.4504, 0.8598, 3.3518, 1.2501, 0.7612, 2.0641,
        1.4754, 2.2547, 1.0051, 1.4772, 1.8284, 1.8106, 2.0560, 1.0210, 1.0194,
        1.0225, 0.6631, 1.2403, 1.1204, 0.5833, 1.3015, 0.8744, 0.7973, 0.8934,
        0.9941, 0.9822, 1.3561, 2.3145, 2.6843, 4.3042, 1.0744, 0.9244, 0.9062,
        1.3061, 1.6797, 3.4923, 0.9090, 2.5737, 1.4264, 2.9255, 2.0020, 3.1810,
        0.9758, 1.1897, 1.1239, 2.1578, 0.9888, 1.8042, 1.0903, 1.0872, 0.4490,
        1.2504, 1.6434, 0.8362, 0.7936, 1.1431, 0.8086, 1.6219, 2.0278, 1.5196,
        1.4582, 2.3332, 1.6154, 1.2452, 2.1280, 1.3453, 1.2470, 0.9028, 1.9251,
        0.9371, 0.7837, 0.6129, 1.6837, 2.3690, 1.1900, 2.0662, 1.1066, 1.1545,
        2.1158, 0.3778, 0.6746, 1.7283, 2.6211, 2.1926, 6.5237, 1.7993, 1.8288,
        1.0779, 1.2615, 1.2164, 1.7449, 1.2626, 2.0845, 1.2259, 2.0809, 0.4557,
        1.4531, 5.2400, 0.6666, 1.1452, 0.9201, 1.1648, 1.1051, 1.6140, 0.6500,
        1.4333, 0.8885, 0.7441, 2.3668, 3.7687, 1.2020, 0.8895, 0.3685, 0.5636,
        1.6236, 0.8035, 1.5024, 2.0301, 0.9348, 1.1882, 2.0073, 0.7500, 2.6042,
        0.8231, 1.6953, 0.7541, 1.8773, 0.6708, 1.3810, 1.3220, 1.8578, 1.4232,
        2.2856, 2.4168, 0.6715, 1.8436, 1.3307, 0.6730, 2.3062, 1.9583, 1.0587,
        0.6783, 1.3537, 1.5979, 3.4891, 2.0583, 1.2176, 0.7745, 2.2390, 1.1751,
        1.7144, 1.4660, 1.9963, 1.9762, 0.2276, 1.1943, 1.2929, 0.7238, 1.1545,
        1.2027, 1.5297, 0.6894, 1.5805, 2.2636, 2.0206, 0.9805, 1.2533, 2.0194,
        1.0810, 1.8113, 1.0461, 0.6297, 0.3776, 0.5088, 1.4555, 0.9343, 0.7097,
        0.8361, 1.4183, 1.6265, 1.6659, 0.9471, 1.9658, 0.3956, 1.1127, 1.2102,
        0.7854, 1.9382, 0.7575, 1.4767, 0.9193, 2.3331, 0.8565, 1.0105, 0.3734,
        1.2187, 0.9944, 0.6304, 0.6783], device='cuda:0')), ('gconv.1.mlp_node_cov.3.num_batches_tracked', tensor(20438, device='cuda:0')), ('gconv.1.mlp_node_ncov.0.weight', tensor([[-0.0577, -0.0553, -0.2913,  ...,  0.0019, -0.1180, -0.1032],
        [ 0.0077, -0.1354,  0.0427,  ...,  0.0126, -0.1479,  0.0283],
        [ 0.0054,  0.0390,  0.1323,  ...,  0.1634,  0.0174, -0.0284],
        ...,
        [-0.0789,  0.0572, -0.0694,  ..., -0.0364, -0.0665, -0.2040],
        [ 0.0405, -0.0410,  0.1392,  ..., -0.0557,  0.1203,  0.1259],
        [-0.0262,  0.0473, -0.0067,  ..., -0.0669, -0.1803, -0.0990]],
       device='cuda:0')), ('gconv.1.mlp_node_ncov.0.bias', tensor([-1.2498e-01, -9.2133e-02, -1.1485e-01, -5.4322e-02, -4.0937e-02,
        -3.7953e-02, -1.2280e-01, -1.0995e-01, -9.6832e-02, -1.0737e-01,
        -1.1436e-01, -6.1265e-02, -1.0696e-01, -5.3222e-02, -7.6265e-02,
        -7.9692e-02, -1.0355e-01, -1.3764e-01, -7.7944e-02, -1.8001e-01,
        -1.0184e-01, -2.7826e-02, -9.0855e-02, -2.6574e-02, -1.4913e-01,
        -1.4951e-01, -9.4532e-02, -1.1568e-01, -8.3325e-02, -8.2435e-02,
        -1.6736e-01, -7.2131e-02, -4.1496e-02, -1.7793e-01, -7.4620e-02,
        -1.1525e-01, -2.4668e-03, -4.2383e-02, -1.0986e-01, -1.3317e-01,
        -7.4077e-02, -9.0625e-02, -1.9913e-01, -3.8972e-02, -4.6351e-02,
        -4.0887e-02, -1.2914e-01, -2.0054e-01, -1.2543e-01, -2.3346e-02,
        -7.5763e-03, -7.2364e-02, -1.2295e-01, -7.5771e-02, -7.8652e-02,
        -1.2840e-01, -6.3434e-03, -1.3677e-01, -1.6596e-01, -1.2885e-01,
        -4.8534e-02, -7.9169e-02, -1.1484e-01, -6.5898e-02, -1.0835e-02,
        -1.5529e-01, -1.1531e-01, -8.0935e-02, -9.1701e-02, -1.3078e-01,
        -5.7701e-02, -1.0871e-01, -1.4390e-01, -1.1660e-01, -7.9450e-02,
        -9.4777e-02, -4.5336e-02, -5.5906e-02, -5.5855e-02, -1.5750e-01,
        -9.0373e-02, -7.3727e-03, -2.8597e-02, -1.0189e-02, -1.3736e-01,
        -1.0171e-01, -1.1459e-01, -1.7026e-01,  4.3061e-02, -4.1154e-02,
        -6.3522e-02, -8.4008e-02, -7.5244e-02, -6.8492e-02, -7.6650e-02,
        -3.9356e-02,  6.4174e-04, -6.6689e-02, -1.4226e-01, -1.9920e-02,
        -1.6910e-01, -4.3369e-02, -4.1142e-02, -3.7354e-02,  7.0527e-03,
        -4.6259e-02, -1.2602e-01, -1.1583e-01, -4.6127e-02, -1.9308e-01,
        -4.9552e-02, -9.6473e-02, -6.7252e-02, -8.2065e-03, -1.3944e-01,
         2.9464e-03, -9.5911e-02, -4.8643e-02, -1.4796e-03, -1.0727e-01,
        -1.7447e-01, -1.9280e-02, -1.0170e-01, -1.6373e-01,  4.1880e-02,
        -1.3891e-01, -7.4393e-02, -6.1221e-02, -6.6915e-02, -1.2840e-01,
        -9.5147e-02, -7.4038e-02, -8.5421e-02, -7.9691e-02, -1.1874e-01,
         3.0225e-02, -1.3678e-01, -1.0439e-01, -1.2773e-01, -9.4360e-02,
        -1.5403e-01, -7.4914e-02, -5.2509e-02, -6.0489e-02, -8.6118e-02,
        -4.3774e-02, -1.3856e-04, -2.7254e-02, -9.8245e-02, -6.2536e-02,
        -9.6537e-02, -1.4157e-01, -1.0165e-01, -3.9989e-02, -1.6149e-01,
        -2.2741e-02, -4.2065e-02, -7.2894e-02, -8.5234e-02, -8.6430e-02,
        -8.1796e-02, -6.1826e-02, -6.1311e-02, -2.7709e-02, -2.0011e-02,
        -7.5962e-02, -3.5301e-02, -9.0728e-02,  2.1579e-02, -8.3710e-02,
        -4.5109e-02, -1.4701e-01, -1.0735e-01, -6.3078e-02, -5.7982e-02,
        -1.3266e-01, -6.1658e-02, -1.0877e-01, -7.8013e-02, -6.3455e-02,
        -1.1756e-01, -1.3641e-01,  6.5354e-03, -9.9956e-02, -1.0741e-01,
        -4.4092e-02, -4.2616e-02, -5.5849e-02, -9.1839e-02, -8.9917e-02,
        -1.5793e-01, -3.4246e-02, -1.9165e-02, -1.2195e-01, -7.2000e-02,
        -3.8794e-02, -1.4639e-01, -1.3728e-01, -5.1667e-02,  1.2617e-02,
        -6.4826e-02, -1.9991e-02, -6.0233e-02, -1.4380e-01, -6.6266e-02,
        -4.9708e-02, -1.3029e-01, -1.1665e-01, -1.6397e-01, -6.6621e-02,
        -5.4347e-02, -4.8818e-02, -1.4617e-01, -1.3501e-01, -1.1973e-01,
        -1.4780e-01, -7.8371e-02, -1.3806e-01, -1.2579e-01, -2.6385e-02,
        -3.5313e-02, -1.1246e-01, -1.5869e-01, -4.5269e-03, -1.5962e-01,
        -3.6007e-02, -1.3039e-01, -1.2731e-01, -1.3887e-02, -5.0959e-02,
        -9.4056e-02, -1.8713e-02, -1.7178e-01, -1.4507e-01, -8.5463e-02,
        -8.7575e-02, -1.2637e-01, -4.4381e-02, -7.0841e-02, -9.9912e-02,
        -1.1164e-01, -1.7019e-01, -5.9649e-02, -1.1636e-01, -1.5717e-01,
        -1.1221e-01, -7.8445e-02,  9.9019e-03, -1.6067e-01, -1.2599e-01,
        -7.3333e-02, -8.9201e-02, -1.1038e-01, -6.4003e-02, -4.3182e-02,
        -3.3880e-02], device='cuda:0')), ('gconv.1.mlp_node_ncov.3.weight', tensor([0.9467, 0.9091, 0.9812, 0.9776, 0.8434, 0.8515, 0.8527, 0.9795, 0.8563,
        1.0004, 0.8079, 0.9490, 0.8986, 0.8445, 0.9169, 0.7569, 0.8609, 0.9793,
        0.8859, 0.8493, 0.9147, 0.8369, 0.9613, 0.7956, 1.0048, 0.9154, 1.0214,
        0.8640, 0.8053, 0.9381, 0.9065, 0.9042, 0.8522, 0.9286, 0.7901, 0.9282,
        0.8505, 0.8605, 0.8455, 0.9641, 0.9542, 0.8081, 0.9788, 0.9538, 0.8402,
        0.8775, 0.9957, 0.9939, 0.9959, 0.9313, 0.8356, 0.9047, 0.9549, 0.9321,
        0.8765, 0.9314, 0.8160, 0.9924, 0.9862, 0.9000, 0.9145, 0.9079, 0.8899,
        0.8236, 0.8761, 1.0238, 0.9454, 0.8615, 1.0000, 0.9305, 0.8572, 0.9512,
        0.8884, 0.9719, 0.8021, 0.8068, 0.8834, 0.8515, 0.8212, 0.9954, 0.8347,
        0.8742, 0.8700, 0.8889, 1.0520, 0.8668, 0.7949, 0.9565, 0.8873, 0.8113,
        0.8271, 0.8495, 0.9410, 0.8716, 0.9798, 0.9073, 0.8628, 0.9578, 0.9839,
        0.7190, 1.0043, 0.9288, 0.8952, 0.8226, 0.8444, 0.9801, 0.8865, 0.8860,
        0.8925, 0.9602, 0.8870, 0.9604, 0.9196, 0.8462, 0.9736, 0.9040, 0.8426,
        0.8403, 0.8560, 0.8365, 0.9438, 0.8517, 1.0005, 0.9835, 0.9728, 0.9824,
        0.8797, 0.7982, 0.8279, 0.9886, 1.0037, 0.9225, 0.8583, 0.8576, 0.8951,
        0.8277, 0.8690, 0.8455, 0.9503, 0.9353, 0.9374, 0.9602, 0.8867, 1.0173,
        1.0008, 0.9096, 0.8715, 0.9926, 0.8755, 0.9352, 0.8660, 0.9833, 0.9694,
        0.8977, 1.0061, 0.9062, 0.8432, 0.8491, 0.8962, 0.9794, 0.8644, 0.9107,
        0.8932, 0.8415, 0.8179, 0.8239, 0.8759, 0.9032, 0.8421, 1.0165, 0.8589,
        0.8398, 0.9373, 0.7859, 0.9091, 0.8457, 1.0173, 0.8171, 0.9489, 0.8711,
        0.8897, 0.9677, 0.8451, 0.9864, 0.8895, 0.8782, 0.8007, 0.9081, 0.9534,
        0.8757, 0.8906, 1.0242, 0.9433, 1.0790, 0.8685, 0.8355, 1.0369, 0.8616,
        0.7391, 1.0033, 0.9106, 0.8417, 0.9190, 0.8479, 0.9483, 1.0074, 0.8520,
        0.9173, 0.8203, 0.8798, 0.8265, 0.8632, 0.8872, 1.0501, 0.9987, 0.9003,
        0.8675, 0.8669, 0.8185, 0.8482, 0.8524, 0.8789, 1.0598, 0.7626, 0.8143,
        0.8501, 0.9047, 0.8831, 0.8692, 0.9565, 1.0142, 0.9163, 1.0244, 0.8900,
        1.0041, 0.8876, 1.0152, 0.8835, 1.0799, 1.0003, 0.9555, 1.0137, 0.8585,
        0.8292, 0.9298, 1.0145, 0.8314, 0.8864, 0.7904, 1.0569, 1.0308, 0.8451,
        0.8684, 0.8637, 0.8059, 0.9480], device='cuda:0')), ('gconv.1.mlp_node_ncov.3.bias', tensor([ 2.7959e-01, -6.3275e-02,  3.1790e-02,  2.1938e-02, -9.7993e-02,
         3.7531e-02,  1.2001e-01,  3.8230e-03,  2.5287e-01, -4.6989e-02,
         9.1167e-02,  6.8668e-02,  1.7431e-01,  2.8014e-02,  1.1934e-01,
        -2.4281e-01, -1.8341e-02, -1.1453e-02,  1.6837e-01,  6.3820e-02,
         3.0752e-01, -3.2847e-02,  1.8643e-01,  3.8330e-02, -1.0914e-02,
         1.6886e-01,  4.5571e-02, -1.4521e-01,  6.7967e-02,  1.2495e-01,
         1.1017e-01, -2.5737e-02,  2.1386e-01, -3.9085e-02, -1.2393e-01,
         6.9543e-02,  1.2398e-01,  7.9192e-02,  8.5489e-02,  6.7582e-03,
         1.6076e-01,  1.3680e-01, -1.3681e-02,  2.8164e-01,  1.8684e-01,
         5.4150e-02, -1.0193e-01, -3.3229e-02, -3.9807e-02,  1.2056e-01,
         2.0922e-01, -8.5105e-02,  3.3837e-02, -1.6330e-01,  6.6250e-02,
         5.8883e-02,  1.3067e-01, -1.9117e-02, -5.4241e-02,  1.1999e-01,
        -7.5519e-02,  4.5968e-02,  1.6237e-01,  3.7818e-02, -1.4070e-01,
        -7.3857e-04,  3.2979e-03,  1.8784e-01,  1.5509e-01,  1.9476e-01,
         9.3254e-02, -1.2414e-01,  4.5847e-02, -1.1155e-01,  2.4378e-02,
         1.0061e-01,  5.0804e-03,  1.5872e-01, -8.1242e-02, -1.0941e-01,
         6.4076e-02, -1.0100e-01,  2.6309e-04,  3.7442e-01,  4.2211e-03,
         3.1301e-02,  1.9597e-01,  3.1864e-02, -5.8157e-02,  2.3585e-01,
        -5.5734e-02,  9.3970e-02,  3.5936e-01, -1.3543e-01,  1.1174e-02,
        -1.0124e-01,  2.9204e-01, -9.0908e-02,  2.1002e-01, -2.5571e-02,
         1.3586e-01,  4.5132e-02,  2.8629e-01,  1.1221e-01, -3.4107e-02,
         4.4916e-02, -6.9756e-02, -1.8447e-01,  1.5098e-02,  3.3658e-01,
         1.5501e-01, -1.3675e-01,  2.1159e-01,  3.2531e-01,  4.9376e-02,
         7.6059e-02,  4.3086e-02,  3.3263e-01, -3.3012e-02,  1.2875e-01,
         1.6696e-01,  1.0995e-01,  1.9967e-02,  8.7603e-02,  4.7299e-02,
         9.1091e-02, -1.6312e-02,  2.0460e-01,  5.4955e-03,  1.6975e-01,
        -5.3985e-02,  5.5373e-02,  2.1447e-01,  3.1174e-02,  1.6322e-02,
        -2.2263e-02, -1.4187e-01, -2.2086e-01, -9.3207e-02,  4.3869e-01,
        -1.7888e-02, -1.8179e-02, -1.1389e-02,  3.5299e-02, -1.4133e-03,
        -3.1348e-01,  2.2361e-01, -4.0379e-02,  1.0631e-01,  1.3576e-02,
         1.9423e-01,  5.5733e-02, -5.9476e-02, -2.9025e-02,  2.1682e-01,
        -4.9781e-02,  1.0525e-01,  2.1434e-01, -3.9046e-03, -1.2016e-01,
        -2.8137e-02,  8.2920e-02,  3.0498e-02,  1.1669e-01,  2.0340e-01,
         1.0603e-01,  4.0117e-02, -7.6086e-02, -8.9162e-02,  7.4581e-02,
         8.0717e-02,  4.3705e-02,  8.2774e-02,  1.9434e-01,  2.4960e-02,
         8.8320e-02,  5.5317e-02,  2.9436e-02,  1.0333e-01,  1.0254e-01,
        -7.7014e-02,  5.8374e-02,  4.2207e-02, -9.8749e-02, -1.0674e-01,
         8.8148e-02,  2.4474e-02, -8.7121e-02, -5.9925e-02,  1.0783e-01,
         8.8160e-02,  2.4065e-02,  1.3038e-02,  2.0157e-02, -5.9012e-02,
         4.2182e-02, -3.4215e-02,  1.1345e-01, -1.9935e-02,  1.7470e-01,
        -7.6079e-02,  1.4601e-01,  1.7244e-01,  1.1171e-01,  3.6229e-02,
         5.6303e-02,  8.6868e-02,  1.7064e-01,  3.0172e-01,  2.0747e-02,
         6.8449e-02, -2.3289e-02,  9.4786e-02,  1.8448e-01, -7.7733e-02,
         1.7057e-01, -8.3046e-02,  9.1512e-02, -5.4218e-02,  1.6269e-01,
         1.3938e-01,  7.9186e-02, -1.2055e-01,  2.4657e-02,  2.2299e-01,
        -6.2824e-02, -1.8986e-02,  2.5710e-01, -4.4392e-02, -6.5199e-03,
        -3.5299e-02, -2.3543e-02, -2.4432e-02, -3.5410e-02,  1.2086e-01,
         1.1743e-02,  8.7090e-02,  1.6685e-01, -1.3930e-01, -6.4316e-02,
         1.5706e-01, -6.8484e-02,  1.0281e-01,  1.9141e-01,  6.4189e-02,
        -3.6139e-02,  1.8863e-01,  1.4780e-01,  2.0515e-01, -1.0644e-01,
         1.6474e-02,  1.1861e-01,  4.7322e-02, -1.0172e-01,  1.2789e-01,
        -1.1042e-02], device='cuda:0')), ('gconv.1.mlp_node_ncov.3.running_mean', tensor([0.2160, 0.6117, 0.2612, 0.1163, 0.2798, 0.5371, 0.7484, 0.7260, 0.6711,
        0.1344, 0.5306, 0.1721, 0.2322, 0.4979, 0.5674, 0.2017, 0.5354, 0.1773,
        0.7431, 0.0865, 1.3119, 0.6559, 0.1795, 0.2255, 0.3215, 0.6400, 0.2398,
        0.4892, 0.9689, 0.3335, 1.1264, 0.5389, 0.6683, 0.1401, 1.2571, 0.2157,
        0.5356, 0.3114, 0.2484, 0.1823, 0.3526, 1.2472, 0.9666, 0.2610, 0.7698,
        0.2947, 0.0864, 0.1214, 0.1863, 0.3625, 0.4244, 0.5564, 0.0946, 0.2248,
        0.3286, 0.4470, 0.2959, 0.1741, 0.6211, 0.4850, 0.2056, 0.3602, 0.9098,
        0.9282, 0.6267, 0.3680, 0.4114, 0.8103, 0.3803, 0.2230, 0.3591, 0.3312,
        0.2320, 0.1747, 0.6602, 0.6690, 0.6419, 1.0912, 0.2251, 0.1192, 0.1903,
        0.4064, 0.5166, 0.8598, 0.6851, 0.2270, 1.2659, 0.2734, 0.1774, 1.0387,
        0.5133, 0.2901, 0.4223, 0.4326, 0.2505, 0.2473, 0.8373, 0.3921, 0.3852,
        1.6659, 0.4066, 0.2113, 0.4521, 0.7531, 0.4390, 0.0284, 0.2794, 0.4832,
        0.4061, 0.2058, 0.4248, 0.7896, 0.4057, 0.2250, 0.3844, 0.6088, 0.2713,
        0.6588, 0.4102, 0.8965, 0.7678, 0.2784, 0.1421, 0.0227, 0.2958, 0.1825,
        0.9249, 0.9159, 0.2063, 0.1031, 0.3245, 0.6622, 0.7056, 0.4040, 0.2477,
        0.7054, 0.2283, 0.2383, 0.3579, 0.2435, 0.1123, 0.4245, 0.1253, 0.1593,
        1.0325, 0.5136, 0.3239, 0.3003, 0.5694, 0.1925, 0.4403, 0.4260, 1.1172,
        0.3919, 0.2058, 0.7505, 0.3195, 0.5390, 0.6067, 0.0834, 0.0800, 0.2609,
        0.1317, 0.3826, 0.9710, 0.6506, 0.5949, 0.4963, 0.7320, 0.5519, 0.3269,
        0.2457, 0.2443, 0.2387, 0.1091, 0.7731, 0.1204, 0.7635, 0.1492, 0.8622,
        0.4746, 0.7983, 0.2529, 0.1289, 0.2317, 0.1457, 1.4125, 0.7151, 0.5001,
        0.4735, 0.9210, 0.2090, 0.1501, 0.1164, 0.3866, 0.6974, 0.1796, 0.1700,
        0.9023, 0.5633, 0.3165, 1.1306, 0.1637, 0.3706, 0.1216, 0.2470, 0.5127,
        0.5877, 0.5850, 0.1947, 0.5572, 0.6140, 0.6037, 0.2222, 0.4386, 0.2651,
        0.3755, 1.7359, 0.4366, 0.2555, 0.3580, 0.0373, 0.1493, 0.4305, 0.9038,
        0.0952, 0.4293, 0.4835, 0.4340, 0.1928, 0.5646, 0.4415, 0.0522, 0.6568,
        0.2472, 0.3951, 0.4079, 0.3659, 0.1700, 0.1369, 0.1978, 0.2195, 0.3911,
        0.1671, 0.3882, 0.1627, 0.3450, 0.5944, 0.5834, 0.3155, 0.1661, 0.4274,
        0.3206, 0.4331, 0.5062, 0.2856], device='cuda:0')), ('gconv.1.mlp_node_ncov.3.running_var', tensor([0.9402, 1.6147, 1.1999, 0.6154, 0.8906, 1.8099, 2.9101, 3.4654, 2.3190,
        0.6383, 1.8125, 0.9842, 0.5279, 1.8582, 1.9358, 0.5234, 1.8941, 0.5454,
        2.3214, 0.3239, 3.4539, 1.8636, 0.6860, 0.4657, 1.0618, 1.9530, 0.9157,
        1.5274, 3.3755, 1.2557, 5.7414, 1.5662, 2.4366, 0.5012, 4.6126, 0.6312,
        2.0481, 0.7002, 1.1098, 0.9143, 1.0025, 6.7737, 4.2353, 0.6885, 2.1434,
        1.1149, 0.4625, 0.5255, 0.8320, 1.0732, 0.6392, 3.0263, 0.3259, 0.7527,
        1.4037, 1.5014, 0.9363, 0.7646, 2.7208, 1.9341, 0.9385, 1.2129, 2.7302,
        4.0870, 2.4219, 1.3168, 1.9881, 2.8935, 1.3972, 0.9809, 1.5469, 0.9785,
        0.7504, 0.6368, 2.6371, 2.2631, 1.8390, 4.4064, 1.1463, 0.4381, 0.6198,
        1.6650, 1.0084, 1.6229, 2.2754, 0.7025, 6.7437, 0.9549, 0.6558, 2.7403,
        1.4022, 0.7306, 1.6325, 1.1882, 0.7638, 0.9523, 3.6960, 1.2710, 2.3493,
        6.5024, 1.9660, 0.5667, 1.1487, 2.2250, 1.5552, 0.2552, 0.7825, 1.4618,
        0.9967, 0.8648, 1.0576, 2.5520, 1.4151, 0.4965, 1.2965, 1.9777, 0.9865,
        2.0968, 1.0796, 3.6548, 3.4509, 1.2367, 0.7200, 0.2170, 0.6734, 0.7661,
        2.8817, 3.0538, 0.5879, 0.5692, 1.3080, 2.5053, 3.5203, 1.6776, 0.8977,
        1.4412, 0.8468, 0.9770, 1.4608, 1.3140, 0.4986, 1.8128, 0.4578, 0.4180,
        4.2038, 1.4527, 0.6340, 1.0254, 1.3347, 0.9520, 1.5606, 1.6210, 4.3838,
        2.0172, 0.9388, 3.0589, 0.9044, 1.0575, 2.0002, 0.3529, 0.2746, 0.6282,
        0.3617, 1.8288, 2.4038, 2.5741, 2.2229, 1.9663, 2.5725, 1.9877, 0.8865,
        0.9434, 0.8244, 0.6286, 0.3144, 4.0431, 0.4634, 1.9951, 0.6850, 3.2071,
        1.7816, 2.9588, 1.3519, 0.4936, 0.5483, 0.6985, 5.6155, 2.2540, 1.7547,
        1.8934, 5.2328, 0.9141, 0.7543, 0.5584, 1.0018, 2.2488, 0.8704, 0.5946,
        3.2405, 1.4690, 1.1360, 3.0846, 0.4825, 2.0003, 0.3841, 1.0482, 1.7524,
        2.1928, 1.8579, 0.7619, 2.1337, 1.5515, 2.6320, 0.6512, 1.3041, 0.7500,
        1.0656, 8.8952, 1.5049, 1.1829, 0.8564, 0.3062, 0.6661, 0.7899, 2.5821,
        0.2571, 2.0590, 1.9058, 1.9348, 0.4352, 2.1006, 1.5784, 0.2552, 1.7356,
        0.8688, 1.2594, 1.3388, 0.8805, 0.7075, 0.5405, 0.7725, 0.7235, 0.6738,
        0.5364, 1.6770, 0.6270, 1.2085, 1.5600, 2.8711, 0.9994, 0.6162, 0.9350,
        1.4050, 1.2835, 1.1825, 1.0352], device='cuda:0')), ('gconv.1.mlp_node_ncov.3.num_batches_tracked', tensor(20438, device='cuda:0')), ('gconv.1.mlp_coord_cov.0.weight', tensor([[ 6.3648e-04, -1.5750e-01, -1.4420e-01,  ...,  5.1877e-05,
          7.7714e-08,  9.4026e-12],
        [ 3.8576e-03,  1.0795e-01, -2.0965e-01,  ..., -3.0988e-05,
         -2.1714e-08, -2.1502e-12],
        [ 6.0099e-03, -5.8441e-02,  7.0419e-01,  ...,  4.4871e-04,
          8.1533e-08,  8.2250e-11],
        ...,
        [ 2.1516e-02,  4.4566e-01,  3.7727e-02,  ..., -1.2106e-04,
          7.5305e-08,  2.6688e-13],
        [-5.4929e-03,  3.7473e-01,  1.3767e-01,  ...,  6.7098e-05,
          2.9759e-07,  6.0708e-11],
        [-1.4192e-03, -4.2448e-01,  6.1399e-01,  ...,  4.0326e-04,
          3.4081e-07, -1.2010e-11]], device='cuda:0')), ('gconv.1.mlp_coord_cov.0.bias', tensor([ 0.1426, -0.0147, -0.0105,  0.0675, -0.0725,  0.1283,  0.1313, -0.1548,
        -0.0256,  0.0273, -0.1767,  0.2282, -0.1374, -0.1893,  0.1015,  0.0550,
         0.1813,  0.0703, -0.1666, -0.0633, -0.0084,  0.3596,  0.1550, -0.1366,
        -0.0753,  0.1552, -0.0538,  0.0914, -0.0934, -0.1663,  0.0674,  0.1969,
         0.2484,  0.3003, -0.1940,  0.0375,  0.1252,  0.0737, -0.2184,  0.0829,
         0.3413,  0.0385,  0.0941, -0.0842,  0.3020,  0.3378, -0.0897, -0.1287,
         0.1301,  0.1072,  0.0317,  0.1153,  0.1240,  0.1147, -0.0240, -0.1414,
        -0.1231,  0.0606,  0.2102, -0.0752,  0.1059,  0.3181, -0.0388, -0.0843,
        -0.0813,  0.2289,  0.2553,  0.0628,  0.3028, -0.1573, -0.0299,  0.0703,
         0.2636,  0.0847,  0.1639,  0.0206, -0.1485, -0.0904,  0.2634, -0.1288,
         0.2005, -0.1243, -0.0973, -0.0451, -0.0645, -0.1564,  0.0950, -0.1324,
         0.2397,  0.2734,  0.3315, -0.1091,  0.2569, -0.0322, -0.0236, -0.0307,
         0.0508,  0.1681, -0.0788,  0.1072, -0.2083, -0.1554, -0.0037, -0.0325,
         0.0805, -0.0198,  0.2720, -0.0379, -0.0589,  0.1637,  0.3271,  0.1394,
        -0.1844,  0.0795,  0.0029,  0.4650, -0.1879,  0.2956, -0.1134,  0.2905,
         0.0593,  0.3733,  0.0246,  0.2694, -0.1475, -0.1116,  0.0127,  0.1067,
         0.1002, -0.0771,  0.2222,  0.2042,  0.0033, -0.0070,  0.1692,  0.3095,
        -0.0048,  0.0903,  0.1224, -0.1220,  0.1735, -0.0804,  0.1075,  0.4064,
         0.3261,  0.0973,  0.1307,  0.1708,  0.1657,  0.3600, -0.0083, -0.2371,
         0.0568,  0.1248,  0.0916,  0.1303, -0.0517,  0.1106, -0.1486, -0.0536,
         0.0109,  0.1905,  0.2102, -0.2328,  0.0212, -0.1627,  0.0064,  0.1882,
         0.0290,  0.2870, -0.1951, -0.1173, -0.1609,  0.0183,  0.2665,  0.1579,
         0.2237,  0.0757, -0.1921, -0.1448, -0.0861, -0.0298,  0.1152,  0.0325,
        -0.0839, -0.0244, -0.0294, -0.0068,  0.1362, -0.1490, -0.1363, -0.1142,
        -0.1431,  0.0868,  0.1422,  0.1689,  0.1430,  0.1064, -0.0154, -0.0836,
        -0.1550,  0.0060, -0.0678,  0.1099, -0.0612, -0.1385,  0.0586,  0.0394,
         0.1450, -0.0646,  0.1079,  0.0033,  0.1414,  0.1758,  0.1477, -0.1426,
         0.3110, -0.1414,  0.0694,  0.3010, -0.0538,  0.0460,  0.1014,  0.0172,
         0.0734,  0.2738, -0.1090,  0.0153,  0.2136,  0.0571,  0.3072,  0.1682,
         0.3562, -0.0361,  0.1212,  0.2838,  0.2587, -0.1081, -0.0194,  0.1009,
         0.0201, -0.0443,  0.1969, -0.0035,  0.3334, -0.2949,  0.2185, -0.0761,
         0.1119,  0.1583,  0.2566,  0.2899,  0.3114,  0.3979,  0.0896,  0.1062],
       device='cuda:0')), ('gconv.1.mlp_coord_ncov.0.weight', tensor([[ 2.6586e-04, -1.6068e-04, -2.0669e-02,  ...,  5.1819e-01,
         -3.7855e-01, -2.4531e-03],
        [ 3.2309e-04, -1.6013e-03, -3.1455e-03,  ...,  8.6359e-02,
          9.7922e-02,  6.9839e-03],
        [-2.5021e-03, -2.0556e-02, -6.7464e-02,  ..., -1.7850e-01,
          2.1841e-01, -2.6974e-03],
        ...,
        [-6.2533e-04, -3.4761e-03,  1.1978e-02,  ..., -4.5274e-01,
          4.8133e-01,  4.7560e-02],
        [ 4.9643e-04,  2.5495e-03, -6.7797e-02,  ..., -5.9387e-01,
         -4.7893e-01, -5.4745e-04],
        [-1.2773e-03, -4.9003e-03, -2.2826e-02,  ...,  1.1047e-01,
          4.8698e-02, -2.2454e-02]], device='cuda:0')), ('gconv.1.mlp_coord_ncov.0.bias', tensor([ 0.1515, -0.1027,  0.2240, -0.3606,  0.0221,  0.2597, -0.0382,  0.0989,
        -0.1759, -0.3611,  0.0691,  0.2787,  0.2030, -0.0211,  0.2682, -0.1867,
        -0.3617,  0.2304, -0.3933, -0.0292,  0.2070, -0.1127,  0.4009, -0.3618,
        -0.3536,  0.0554,  0.2065, -0.1503, -0.1564, -0.0983,  0.2852, -0.0206,
         0.1109,  0.1166, -0.4089,  0.1170, -0.2805, -0.2544,  0.1688, -0.1740,
         0.0414,  0.0343, -0.2449,  0.2652, -0.2497, -0.4210,  0.4013, -0.0380,
         0.1441, -0.3320, -0.2188, -0.0343, -0.5398,  0.1814,  0.1685,  0.1983,
        -0.0916,  0.0739, -0.2730,  0.1032, -0.2508, -0.2679, -0.3066, -0.0562,
        -0.0049,  0.0506,  0.1777,  0.2501,  0.2673, -0.1955,  0.1488, -0.3631,
         0.1684,  0.2973,  0.2379, -0.0797,  0.1235, -0.3917,  0.0083,  0.2139,
         0.1262, -0.0245, -0.0391,  0.1688,  0.1718,  0.1736, -0.1401, -0.0593,
         0.2558,  0.1372, -0.2079, -0.1870,  0.0602, -0.2732, -0.1856,  0.3387,
         0.0640, -0.1548, -0.4804,  0.2792,  0.2089, -0.1616, -0.3661,  0.2263,
         0.1104, -0.1225, -0.1546, -0.2508, -0.4429, -0.3246,  0.2085,  0.0503,
        -0.2664, -0.0931, -0.1660, -0.0546,  0.0218, -0.2373,  0.1511, -0.0720,
        -0.3045,  0.1302, -0.3964,  0.0356, -0.1650,  0.3128,  0.1184,  0.2741,
         0.0767, -0.0113, -0.0419, -0.0537, -0.2015,  0.3294, -0.0336,  0.1655,
         0.1379,  0.1212,  0.2285, -0.2720,  0.1171,  0.2145, -0.2695, -0.0137,
        -0.0052, -0.2884,  0.0095,  0.0922, -0.1083,  0.2246, -0.0572, -0.2837,
        -0.2855,  0.2527, -0.2671,  0.0435, -0.1072,  0.4081,  0.2341, -0.0896,
         0.0164,  0.1611, -0.3736, -0.0594,  0.3000, -0.2919, -0.1798,  0.3110,
         0.2253, -0.2272,  0.2536, -0.0637,  0.2184,  0.0116, -0.0805,  0.0774,
         0.1031, -0.2628,  0.0470, -0.1832, -0.2052,  0.1310,  0.1330, -0.2865,
        -0.1009, -0.3603,  0.1760, -0.1363, -0.3256,  0.1204, -0.2974, -0.3481,
         0.0395, -0.2813, -0.3374, -0.1524,  0.0469, -0.2277,  0.3509, -0.2898,
         0.2254, -0.1078,  0.0498,  0.0746, -0.0617, -0.0594,  0.2673, -0.0609,
         0.0814, -0.2991,  0.1083, -0.1347,  0.0244, -0.0593,  0.0791,  0.3173,
        -0.1879,  0.1880,  0.1447,  0.2923,  0.0921, -0.4023,  0.3081, -0.1672,
         0.2835,  0.0554,  0.1168, -0.1197, -0.2024,  0.2891, -0.0390,  0.1723,
        -0.4486,  0.3050, -0.3111,  0.2821,  0.1454,  0.1294, -0.2519,  0.1736,
         0.3059,  0.0548, -0.3261,  0.0575,  0.1320,  0.0806,  0.2040, -0.1613,
        -0.0619, -0.2726, -0.3613,  0.0033,  0.1602,  0.1217, -0.1558,  0.1298],
       device='cuda:0')), ('gconv.2.mlp_node_cov.0.weight', tensor([[-0.1290, -0.0026, -0.0671,  ...,  0.0292, -0.0066,  0.0292],
        [-0.0636,  0.0769,  0.0913,  ..., -0.0304, -0.0990, -0.0774],
        [-0.1770, -0.0949, -0.0433,  ...,  0.0820, -0.0326, -0.1555],
        ...,
        [ 0.0563, -0.0519, -0.0419,  ...,  0.0418, -0.0170,  0.0327],
        [ 0.0346,  0.0850,  0.1140,  ..., -0.0050, -0.0216, -0.0807],
        [-0.0456,  0.0570,  0.0332,  ..., -0.0426, -0.0630, -0.0933]],
       device='cuda:0')), ('gconv.2.mlp_node_cov.0.bias', tensor([-7.9245e-02, -4.1572e-02, -9.6194e-02, -1.4118e-01, -6.6532e-02,
        -8.5405e-02,  9.3081e-02, -2.2262e-02, -1.1798e-01, -5.9863e-02,
        -5.3769e-02, -4.2002e-02, -1.5027e-01, -4.2939e-02, -1.2290e-01,
        -4.2333e-02,  1.1874e-02, -6.6502e-02, -7.3854e-02, -5.8910e-02,
        -2.4790e-02, -5.5216e-02, -5.5918e-02, -7.2327e-02, -8.7948e-02,
        -3.4351e-02, -2.2092e-02, -5.9527e-02, -2.0497e-02, -1.3668e-02,
        -1.1473e-01, -5.5227e-02, -4.8821e-02, -4.0265e-02, -3.9144e-02,
         8.4088e-03, -2.9342e-02, -6.6507e-02, -1.2526e-01, -5.5234e-02,
        -8.9216e-02, -7.2782e-02, -4.9054e-02, -1.1785e-01, -4.1932e-02,
        -6.7794e-02, -1.1031e-01,  2.3444e-02, -5.2332e-02, -1.2515e-01,
        -3.9440e-03, -2.9007e-02, -1.2347e-01, -1.1644e-01, -3.2886e-02,
        -8.0945e-03,  1.7612e-03, -1.1512e-01, -8.4187e-02, -1.3421e-01,
        -7.3612e-02, -6.8105e-02, -1.0294e-01, -8.3381e-02, -9.4038e-02,
        -4.4787e-02, -3.8948e-02, -2.1095e-02, -7.3341e-02, -1.5613e-02,
        -4.3313e-02, -5.3346e-02, -9.2618e-02, -4.1110e-02, -1.5147e-02,
        -3.6776e-02,  4.4073e-02, -1.2288e-02, -8.9388e-03, -8.6986e-02,
        -7.6185e-02, -4.6809e-02, -1.4264e-01,  1.3279e-02, -5.9742e-02,
        -8.2704e-02, -8.0695e-02, -7.3819e-02, -9.0055e-02, -4.9202e-02,
         2.3543e-02, -5.5875e-02, -4.8136e-02, -1.1444e-01, -1.2625e-01,
        -6.3471e-02, -7.3950e-02, -4.9768e-02, -5.1791e-02, -1.1616e-01,
        -8.6151e-02, -6.7906e-02, -4.8059e-02,  1.1726e-02, -9.2127e-02,
        -9.9573e-02, -9.0355e-02, -1.1246e-01, -1.3974e-01, -3.6374e-02,
        -7.8662e-02, -7.4146e-02, -5.1409e-02, -5.0101e-02, -4.7180e-03,
        -8.0080e-02, -5.8179e-02, -1.2353e-01, -6.2603e-02, -1.1181e-01,
        -9.3713e-02, -8.4138e-02, -8.8370e-02,  3.0876e-02,  1.0640e-02,
        -4.3492e-02,  3.3711e-02, -1.2771e-01, -1.9126e-02, -2.1529e-02,
        -4.5032e-02, -8.5343e-02, -7.0452e-02, -9.1224e-02, -1.0126e-02,
        -8.1469e-02, -8.8550e-02, -9.1100e-02, -1.3051e-02, -1.5795e-01,
        -3.1519e-02, -1.2415e-04, -5.1739e-02, -1.0127e-01, -4.8817e-02,
        -5.6908e-02, -8.7147e-02, -5.6895e-02, -3.6738e-03, -5.2110e-02,
        -2.6376e-02, -3.2538e-02, -2.8697e-02, -1.4999e-01, -8.1047e-02,
        -3.9558e-03,  7.1118e-03,  1.4831e-02, -1.0240e-01, -3.9959e-02,
        -9.5724e-02, -3.6360e-02, -1.0407e-01, -1.0168e-01, -8.6810e-02,
        -8.5337e-02, -8.5330e-03,  3.5720e-02, -1.0243e-01, -1.6420e-02,
        -4.7632e-02, -6.8075e-02, -8.1742e-03, -3.6805e-03, -4.1653e-02,
        -1.0826e-01,  2.0290e-02, -2.7036e-02, -8.8352e-02, -1.7392e-02,
        -5.5617e-02, -1.4752e-01, -5.9155e-02, -9.8310e-04, -7.6556e-02,
        -3.6561e-02, -1.4513e-01, -4.6942e-02, -1.0385e-02, -3.3161e-02,
        -3.0712e-02, -2.1429e-01, -7.1152e-02, -5.4192e-02, -4.6380e-02,
        -1.3296e-02, -6.3770e-02,  2.6266e-02, -1.3090e-01, -6.0054e-02,
        -5.4867e-02, -1.0258e-01, -6.0267e-02, -4.1301e-02, -8.7099e-02,
        -8.8549e-02, -2.4921e-02, -8.1207e-02, -3.6503e-02, -2.8629e-02,
        -7.5451e-02,  8.7988e-04, -1.6693e-02, -7.4609e-02, -4.5774e-02,
        -8.5222e-02, -1.2355e-01, -9.5002e-03, -5.5041e-02, -5.4219e-02,
         3.7200e-03, -1.0933e-01, -5.8655e-02, -1.1844e-01, -1.7651e-01,
        -1.1425e-01, -9.2228e-02, -3.7513e-02, -9.9398e-02, -4.9237e-02,
        -5.6905e-02, -7.2934e-02, -1.0451e-01, -8.5963e-02, -1.1805e-02,
        -4.4309e-02, -6.3109e-02, -1.2253e-01, -5.7919e-02, -8.9040e-02,
        -8.5700e-02, -1.1812e-01, -9.4264e-02, -1.3375e-01, -1.1709e-01,
        -6.2724e-02, -1.0218e-01,  3.4958e-02, -3.6499e-02, -2.8347e-02,
        -1.5251e-01, -1.9196e-02, -1.3697e-02, -3.9620e-02, -6.1647e-02,
        -6.3835e-02], device='cuda:0')), ('gconv.2.mlp_node_cov.3.weight', tensor([0.7509, 0.7340, 0.8967, 0.8546, 0.7970, 0.8017, 0.7822, 0.7230, 0.8220,
        0.6755, 0.8499, 0.7941, 0.8777, 0.8626, 0.7898, 0.8354, 0.8640, 0.8410,
        0.7840, 0.7581, 0.8757, 0.8174, 0.7237, 0.8001, 0.7700, 0.8353, 0.8877,
        0.6927, 0.9027, 0.7895, 0.8802, 0.6790, 0.7634, 0.8024, 0.8248, 0.7979,
        0.7427, 0.8129, 0.8903, 0.8246, 0.7403, 0.8722, 0.8052, 0.7494, 0.8058,
        0.8122, 0.7622, 0.7322, 0.6961, 0.8305, 0.7312, 0.7977, 0.8228, 0.8421,
        0.8048, 0.8008, 0.7923, 0.7768, 0.8760, 0.7550, 0.8121, 0.8466, 0.8764,
        0.8850, 0.9368, 0.7758, 0.8173, 0.7789, 0.8652, 0.8300, 0.9162, 0.7050,
        0.8218, 0.8087, 0.7243, 0.9209, 0.8536, 0.8598, 0.8588, 0.8112, 0.7947,
        0.7747, 0.9232, 0.8500, 0.7733, 0.8931, 0.7760, 0.8326, 0.8380, 0.7817,
        0.7244, 0.7827, 0.6252, 0.7775, 0.8232, 0.7851, 0.8303, 0.6852, 0.9028,
        0.9211, 0.7347, 0.8366, 0.7727, 0.7532, 0.7634, 0.8427, 0.8198, 0.8424,
        0.8119, 0.8438, 0.7858, 0.7374, 0.8534, 0.7855, 0.8018, 0.8826, 0.8003,
        0.7880, 0.7793, 0.8544, 0.8563, 0.6340, 0.8919, 0.7682, 0.6550, 0.8881,
        0.7970, 0.8254, 0.8291, 0.8033, 0.8308, 0.8347, 0.8059, 0.8726, 0.7459,
        0.8620, 0.7369, 0.8495, 0.8158, 0.8468, 0.7508, 0.8817, 0.8111, 0.7680,
        0.7605, 0.7634, 0.8206, 0.7554, 0.7383, 0.7983, 0.8296, 0.7987, 0.8041,
        0.8368, 0.8291, 0.8150, 0.8251, 0.7465, 0.7613, 0.7846, 0.7778, 0.8753,
        0.8047, 0.7684, 0.8810, 0.8528, 0.7256, 0.8003, 0.8125, 0.8545, 0.7620,
        0.6773, 0.9386, 0.7281, 0.8371, 0.8393, 0.7719, 0.8072, 0.7942, 0.7812,
        0.8631, 0.7760, 0.8617, 0.7701, 0.7946, 0.7645, 0.8851, 0.7865, 0.7938,
        0.9301, 0.7618, 0.9098, 0.8321, 0.7406, 0.6746, 0.8497, 0.8497, 0.8097,
        0.8210, 0.7264, 0.7448, 0.7899, 0.8792, 0.8715, 0.9267, 0.8001, 0.8489,
        0.8198, 0.6171, 0.7661, 0.8677, 0.8326, 0.8209, 0.6945, 0.7344, 0.8919,
        0.8540, 0.7837, 0.7845, 0.8842, 0.7851, 0.9073, 0.8715, 0.8824, 0.8871,
        0.8074, 0.6938, 0.8615, 0.8295, 0.8605, 0.8239, 0.8414, 0.8300, 0.7838,
        0.8206, 0.8552, 0.8866, 0.7870, 0.8740, 0.7847, 0.8602, 0.8204, 0.7998,
        0.8513, 0.8450, 0.7655, 0.8508, 0.7644, 0.8696, 0.7620, 0.8376, 0.8710,
        0.8112, 0.8288, 0.9327, 0.7461], device='cuda:0')), ('gconv.2.mlp_node_cov.3.bias', tensor([ 1.8790e-02,  4.7850e-02,  3.1477e-02, -5.2355e-03, -6.4907e-02,
         5.3838e-02, -4.1730e-02, -4.8777e-02,  7.8206e-02, -7.2120e-02,
         5.0093e-02,  5.0768e-02,  7.9666e-03,  9.4947e-02,  5.8315e-02,
        -9.5695e-03, -2.1860e-02,  8.9185e-02,  4.7691e-02,  4.9867e-03,
         3.6667e-02, -1.8417e-02, -4.4101e-02,  3.2371e-02, -3.0702e-02,
         1.5815e-03,  5.0487e-02, -4.1098e-02,  5.4455e-02,  3.2467e-02,
         3.8054e-02, -1.0164e-01,  9.1049e-03,  5.4662e-02,  1.2706e-02,
         2.4226e-02,  4.4615e-02,  3.1968e-02, -7.1324e-03,  3.6608e-03,
        -7.7128e-05,  5.9594e-02,  8.6473e-02, -9.2906e-03, -2.1702e-03,
         8.4058e-03, -3.8519e-02, -2.4965e-02,  1.9775e-02, -6.7039e-02,
         4.4206e-03, -1.1948e-03,  3.3802e-02,  4.0801e-04,  3.0722e-02,
        -4.1886e-02, -5.3403e-02,  2.3463e-02,  2.1775e-02, -5.4433e-02,
         1.8110e-02, -3.7007e-02,  1.7277e-02, -5.0227e-03,  1.2492e-02,
         6.0382e-02,  1.2871e-02, -2.1017e-02, -6.9417e-03, -1.8236e-02,
        -3.2183e-02, -3.9071e-02, -2.8625e-02,  2.5069e-02,  1.0216e-02,
         1.5578e-02,  3.0271e-02, -8.8057e-03, -4.4609e-03,  1.7908e-02,
         5.0586e-03, -2.7011e-02,  1.6197e-02,  5.0752e-02,  6.9646e-02,
         2.5205e-02, -2.1072e-02, -2.5648e-03, -8.5293e-02, -2.1173e-02,
         2.1948e-02, -2.7752e-02,  4.3179e-02,  6.5465e-02,  5.3324e-02,
         2.9314e-02,  3.2308e-02,  5.8600e-02, -3.4280e-02,  5.5100e-02,
        -2.4327e-02,  9.1686e-02, -2.4702e-02, -1.0531e-02,  8.0174e-03,
         4.0862e-02,  2.0482e-02,  3.4760e-02,  7.7808e-02,  1.2043e-02,
         4.7515e-02,  3.9408e-02,  8.0489e-03,  6.6362e-02, -7.7014e-02,
        -1.3854e-02,  1.8558e-02, -1.9411e-02, -5.0758e-02, -6.9716e-02,
         2.5183e-02,  1.8302e-02,  9.2023e-02,  5.6098e-02, -9.0304e-03,
        -6.1408e-03, -3.8296e-02,  1.1679e-01, -1.3820e-03,  3.6706e-02,
         2.9932e-02,  3.9749e-02, -4.0322e-02,  1.6707e-02, -7.9808e-02,
         1.2184e-02, -5.3786e-02,  7.4347e-02, -1.8401e-02, -3.6409e-03,
        -1.7716e-02,  7.6894e-02,  7.8915e-04, -9.4231e-02, -1.7895e-02,
         2.0873e-02,  3.8330e-02,  6.0787e-02,  3.6974e-02, -2.7653e-02,
         3.4162e-02, -1.5867e-02,  4.8403e-02, -1.1128e-02,  6.7103e-02,
         6.3181e-02,  1.0671e-01, -1.3023e-01,  2.5080e-02, -3.2395e-02,
        -8.1491e-03, -3.5435e-02,  1.5574e-02,  4.0534e-03,  5.5195e-02,
        -5.7123e-03,  6.4812e-02,  1.9238e-02, -2.9885e-02,  5.3937e-02,
         4.2230e-02,  1.4240e-01, -2.0004e-02, -1.2956e-02,  2.7172e-02,
         2.9236e-03, -6.8742e-03, -3.1819e-02,  5.7587e-02, -3.7177e-02,
         1.9820e-02, -4.1923e-02,  1.1708e-01,  9.1476e-02, -7.2954e-04,
         4.5574e-03,  8.1901e-02, -5.9241e-02,  4.3515e-02,  5.5518e-02,
        -7.3235e-03, -2.5151e-02,  6.9375e-03, -4.9464e-02,  4.5025e-02,
        -3.2966e-02,  9.0768e-02,  3.6379e-02, -3.7568e-02, -4.7395e-02,
         3.4080e-02, -9.3983e-04,  3.0426e-02,  6.6022e-02,  3.4492e-02,
        -1.0229e-02, -3.7052e-03, -6.1112e-02, -9.0241e-03,  2.8779e-02,
         6.0857e-02, -3.3916e-02, -2.6928e-02,  3.6191e-02,  1.9590e-02,
         6.9723e-02, -4.0030e-02, -4.7804e-04,  1.8100e-03,  2.6545e-02,
         1.3104e-02, -2.4341e-02,  4.0819e-02,  5.3969e-03, -1.5575e-02,
        -4.6091e-02, -6.6718e-02,  3.5522e-03, -4.6274e-02,  5.4633e-02,
         9.7832e-02,  1.2628e-02, -6.8996e-02,  8.3453e-02,  7.3816e-02,
         3.2460e-02,  3.7654e-02, -8.2097e-02,  1.8346e-02, -5.8718e-03,
        -5.3659e-02,  2.0867e-02, -2.0490e-03,  4.0217e-02,  2.9866e-02,
        -2.8455e-02, -3.9196e-02,  3.5823e-02, -5.9721e-02,  1.8075e-02,
         9.4546e-04, -5.4469e-02, -1.6446e-02,  4.3928e-02,  5.0152e-02,
        -8.5170e-02], device='cuda:0')), ('gconv.2.mlp_node_cov.3.running_mean', tensor([0.2855, 0.9164, 0.4565, 0.4631, 0.4789, 0.6274, 0.8349, 0.5265, 0.2381,
        0.5845, 0.4948, 1.0956, 0.2014, 0.3955, 0.4390, 0.3585, 0.4959, 0.3578,
        0.3432, 0.6649, 0.4292, 0.3226, 0.5313, 0.2789, 0.5269, 1.1447, 0.2910,
        0.9292, 0.4149, 0.9526, 0.2741, 1.3438, 0.4410, 0.3555, 0.2970, 0.6968,
        0.5027, 0.3187, 0.5060, 0.3598, 0.3601, 0.2641, 0.2265, 0.8213, 0.4644,
        0.3996, 0.2746, 0.9659, 0.8555, 0.2475, 0.9734, 0.2687, 0.3692, 0.4723,
        0.6806, 0.6056, 0.2882, 0.4786, 0.3198, 0.5960, 0.3785, 0.2551, 0.2854,
        0.2941, 0.1011, 0.4737, 0.4011, 0.2912, 0.1984, 0.2887, 0.2928, 0.4155,
        0.3313, 1.1499, 0.5345, 0.4144, 0.9578, 0.6072, 0.6586, 0.6571, 0.4032,
        0.3068, 0.1362, 0.7539, 0.4484, 0.1250, 0.4454, 0.3579, 0.7247, 0.3444,
        0.7260, 0.3276, 0.4380, 0.5954, 0.4491, 0.3900, 0.4429, 0.4338, 0.3996,
        0.2139, 0.2552, 0.3570, 0.7714, 1.0290, 0.4089, 0.2764, 0.7041, 0.6382,
        0.6952, 0.4242, 0.5614, 0.7230, 0.2824, 0.6832, 0.5090, 0.2851, 0.5020,
        0.2623, 0.4501, 0.4449, 0.5352, 0.5746, 0.4277, 1.0088, 0.4780, 0.2572,
        0.6436, 0.2417, 0.5111, 0.6768, 0.2957, 0.6446, 0.4431, 0.4167, 0.3127,
        0.1762, 0.5464, 0.3919, 0.5332, 0.4104, 0.5205, 0.1595, 0.7893, 0.3434,
        1.0158, 0.4900, 0.5343, 0.4913, 0.8366, 0.3034, 0.8773, 0.7203, 1.0239,
        0.6104, 0.5543, 0.2744, 0.5155, 0.9114, 0.6628, 0.4988, 0.4255, 0.3711,
        0.8626, 0.2525, 0.4519, 0.7849, 0.9225, 1.0565, 0.4491, 0.2891, 0.4871,
        0.3758, 0.4872, 0.9091, 0.3647, 0.3715, 0.9675, 0.3509, 0.5546, 0.9365,
        0.1951, 0.2017, 1.1595, 0.6247, 0.4961, 0.5110, 0.3922, 0.4936, 0.6602,
        0.4842, 0.9914, 0.0748, 0.3149, 0.9092, 0.5573, 0.4950, 0.2669, 0.5529,
        0.5243, 0.4811, 0.3077, 0.2628, 0.3357, 0.7404, 0.4537, 0.2654, 0.6195,
        0.9444, 0.9281, 0.2946, 0.1460, 0.5781, 0.5595, 0.6852, 0.8909, 0.3534,
        0.3644, 0.6741, 0.3435, 0.6917, 0.6975, 0.1265, 0.8932, 0.5351, 0.2577,
        0.4311, 0.5987, 0.4035, 0.5557, 0.5205, 0.4961, 0.2873, 0.4720, 0.2782,
        0.7399, 0.6933, 0.2310, 0.5677, 0.2036, 0.5187, 0.1730, 0.3988, 0.2828,
        0.2308, 0.2843, 0.6873, 0.3445, 0.3319, 0.5270, 0.9238, 0.1417, 0.6315,
        0.4069, 0.2227, 0.2240, 0.3824], device='cuda:0')), ('gconv.2.mlp_node_cov.3.running_var', tensor([0.9051, 1.4821, 1.5997, 1.3801, 1.8232, 1.9810, 1.2759, 1.8024, 0.8780,
        1.4913, 1.3665, 2.9745, 0.7648, 1.7125, 1.8287, 1.5802, 1.0735, 1.3505,
        1.4558, 1.1342, 0.9919, 1.2671, 1.3597, 0.6579, 1.5977, 1.7315, 1.0991,
        4.7970, 1.2934, 2.2468, 0.7932, 3.0131, 2.1043, 0.7322, 1.3746, 1.4019,
        1.0272, 0.9348, 1.5758, 1.2113, 1.4156, 1.0996, 0.4980, 4.1466, 0.8374,
        1.2705, 1.1586, 1.8954, 2.4533, 0.5006, 1.8308, 0.5081, 1.2847, 1.1339,
        2.2678, 2.0479, 0.6480, 1.9272, 1.1063, 2.7680, 1.0133, 0.7562, 0.7550,
        0.9043, 0.3514, 2.1453, 1.7337, 0.6125, 0.5249, 0.8482, 0.9113, 1.3400,
        0.5985, 2.4258, 1.1839, 0.8049, 2.0038, 1.1924, 2.1483, 1.7993, 1.6340,
        0.7769, 0.4641, 1.4042, 1.3644, 0.5216, 1.3748, 0.9880, 1.2965, 0.9601,
        1.1200, 0.6322, 1.3057, 1.5255, 1.0002, 1.0740, 2.2525, 1.5528, 1.4150,
        0.6036, 0.7656, 0.8472, 1.3499, 1.8064, 1.5382, 0.9676, 1.8292, 1.4733,
        3.1137, 1.1487, 1.4828, 3.7729, 0.9003, 1.7127, 1.1135, 0.9633, 1.9138,
        0.9426, 1.1902, 2.5890, 1.7285, 2.9287, 1.4721, 1.7073, 0.7700, 0.6652,
        1.1834, 1.0251, 2.0587, 1.1361, 1.0292, 2.3247, 1.7689, 1.1431, 0.7161,
        0.5969, 1.1685, 1.5703, 1.1068, 1.5660, 1.3130, 0.4825, 1.4129, 0.6872,
        2.1225, 1.5417, 1.7326, 2.0345, 1.6675, 0.7958, 1.5660, 2.5449, 1.8112,
        2.1977, 2.7423, 0.8842, 1.3087, 1.9517, 2.2466, 0.8390, 1.4693, 0.9018,
        4.5352, 1.0363, 1.6011, 3.2577, 4.6494, 2.1642, 1.2267, 0.6263, 1.3077,
        1.0547, 0.7278, 1.8794, 0.8117, 2.0943, 1.7262, 0.9217, 2.7895, 2.3921,
        0.5451, 0.7332, 2.2279, 1.0587, 1.9608, 1.4724, 1.8294, 1.2238, 1.3396,
        2.4409, 1.5753, 0.3289, 0.7933, 4.2889, 1.2722, 1.0403, 0.8787, 1.1136,
        1.9419, 1.9999, 0.8118, 0.9040, 1.0651, 2.9911, 1.4099, 1.0880, 1.9840,
        2.4167, 5.3179, 0.8346, 0.4687, 1.3727, 1.2289, 2.0764, 1.9800, 0.8849,
        0.6960, 1.6350, 1.0801, 3.6106, 2.1328, 0.7007, 1.5359, 1.2062, 0.8637,
        1.4318, 2.4817, 0.7449, 1.6916, 1.2481, 1.7208, 0.8360, 2.1442, 1.1299,
        3.6890, 1.0940, 1.0881, 2.5750, 0.6517, 1.8427, 0.4213, 0.8663, 0.9632,
        0.7656, 1.2775, 1.6465, 1.4344, 0.7614, 1.8367, 5.8472, 0.4671, 1.2519,
        1.3186, 0.6471, 0.9408, 0.7153], device='cuda:0')), ('gconv.2.mlp_node_cov.3.num_batches_tracked', tensor(20438, device='cuda:0')), ('gconv.2.mlp_node_ncov.0.weight', tensor([[-0.0240,  0.0243, -0.0642,  ..., -0.0928,  0.1196, -0.0173],
        [ 0.1559, -0.0129, -0.0011,  ..., -0.1230, -0.0384, -0.0437],
        [ 0.0625,  0.0124, -0.0466,  ...,  0.0220,  0.1841, -0.0597],
        ...,
        [-0.0271,  0.0674,  0.0821,  ...,  0.0761,  0.0419,  0.0044],
        [ 0.0301,  0.1082,  0.2070,  ..., -0.1311, -0.0481,  0.0139],
        [-0.0868,  0.0404, -0.0713,  ...,  0.0772, -0.0777,  0.0121]],
       device='cuda:0')), ('gconv.2.mlp_node_ncov.0.bias', tensor([-5.6584e-02,  1.0533e-02, -9.3016e-02, -7.1484e-02, -1.1763e-01,
        -4.6126e-02, -3.8349e-02, -6.2824e-02, -9.3689e-02,  8.7940e-03,
        -7.0221e-02, -8.3252e-02, -7.2898e-02, -5.0750e-02, -1.2186e-02,
        -1.6907e-02, -9.4137e-02, -2.2023e-02, -1.3668e-01, -2.5305e-02,
        -8.3350e-02, -9.0896e-02, -2.3716e-02, -5.6702e-02, -6.5564e-02,
        -1.0953e-02, -1.4732e-01, -1.5317e-01, -8.6144e-02, -7.7760e-02,
        -3.3350e-02, -1.0553e-01,  1.7312e-02,  3.7635e-02,  2.7361e-03,
        -1.4275e-02, -9.1188e-02, -3.9239e-02, -6.3460e-02, -1.2007e-01,
        -5.3152e-02, -4.6654e-02, -6.9463e-02, -1.8518e-01, -7.5298e-02,
        -7.2068e-02, -3.6166e-03, -1.6474e-01,  7.8062e-03,  4.1616e-02,
        -6.4351e-02,  2.8969e-02, -7.2846e-02, -1.1287e-01,  1.2172e-02,
        -1.2326e-01, -2.3715e-02, -7.0397e-02, -3.8543e-02, -1.1765e-01,
        -3.7362e-02,  2.3226e-02,  3.6294e-02, -7.6638e-02, -5.1837e-02,
        -3.1552e-02, -8.7280e-02,  2.2918e-03, -4.5149e-02, -6.5097e-02,
        -7.5301e-02, -1.0822e-01, -7.0654e-02, -1.3438e-01, -2.1383e-02,
         4.3274e-03, -1.1954e-01, -5.2402e-02,  1.5576e-03, -4.5038e-02,
        -1.0539e-01,  1.2883e-02, -1.2714e-01, -8.4386e-02, -5.6045e-02,
        -9.6184e-02, -4.7977e-02, -4.8884e-02, -3.6342e-03, -6.8945e-02,
        -8.1964e-02, -1.1653e-01, -6.3430e-02, -5.5848e-02, -4.1543e-02,
        -5.4810e-02, -5.7033e-02, -6.8291e-02, -1.0038e-01, -1.2318e-01,
        -9.0652e-02, -6.4277e-02, -1.8217e-02, -7.8103e-02, -9.0543e-02,
        -2.0143e-02, -1.1935e-01, -1.0586e-01, -6.0178e-02, -9.3946e-02,
        -3.1805e-02, -1.3593e-01, -8.7049e-02, -6.6927e-02, -7.2820e-02,
        -5.7803e-02, -1.6497e-01, -7.1285e-02, -4.3610e-02, -5.2309e-02,
        -8.7447e-02, -6.1904e-02, -1.1222e-01, -1.1405e-01, -6.8026e-02,
        -2.9101e-02, -7.1799e-02, -1.5993e-01, -1.1154e-01, -9.9156e-02,
        -2.2743e-02, -5.3917e-02, -4.7294e-02, -1.6622e-01, -1.3895e-02,
        -1.2972e-01, -8.8267e-02, -1.6022e-01, -7.5703e-02,  5.4634e-02,
        -6.0716e-02, -3.0708e-02, -2.8247e-02, -8.5270e-02, -3.0212e-02,
        -5.2328e-02, -5.4865e-02, -7.8372e-02, -1.1120e-01, -6.5544e-02,
        -1.0944e-01, -3.9813e-02, -5.8964e-02, -2.1792e-01, -5.7635e-02,
        -4.5313e-02, -3.5026e-02, -1.3730e-01, -5.7617e-02,  1.3556e-02,
        -2.0618e-02, -6.4799e-02, -1.0050e-01, -6.8839e-02, -5.5741e-02,
        -6.5529e-02,  6.9162e-03, -5.4796e-02, -6.8510e-02,  1.0682e-04,
        -4.9048e-02, -3.8880e-02, -6.7667e-02, -6.6668e-02, -4.0437e-02,
        -1.4395e-01, -1.1985e-01, -3.9735e-02, -5.5352e-02, -7.4428e-02,
        -5.0051e-02, -9.6618e-02, -5.1060e-02, -7.2915e-02, -8.0699e-02,
        -7.6155e-02, -5.7638e-02, -1.3572e-01, -9.2525e-03, -6.0177e-02,
        -2.1922e-02, -9.4530e-02, -3.7212e-02, -3.4202e-02, -5.8616e-02,
        -6.1851e-02, -5.9508e-02, -2.3830e-02, -5.3133e-02, -6.9779e-02,
        -7.9857e-02, -8.7781e-02, -4.7684e-02, -2.6022e-02, -4.5823e-02,
        -1.4375e-01, -5.8940e-02, -1.1215e-01, -2.6169e-02, -1.1894e-02,
        -1.0865e-01, -4.9892e-02, -4.6129e-02, -2.3912e-02, -9.3354e-02,
        -1.0941e-01, -7.6214e-03, -5.2968e-02, -1.3012e-01, -7.1583e-02,
        -1.3193e-02, -5.8409e-02, -1.3450e-01, -1.0741e-01, -1.2129e-01,
        -2.7972e-03, -6.6603e-02, -9.1989e-02, -2.3671e-03, -4.3028e-02,
        -1.0681e-01, -7.7054e-02, -1.2812e-01, -9.9219e-02, -2.3408e-02,
        -1.3691e-01, -8.1631e-02, -2.7040e-02, -6.1881e-02, -1.3712e-01,
        -1.0380e-01,  1.8134e-02, -6.1635e-02, -7.5455e-02,  1.0454e-03,
        -3.1418e-02, -4.2987e-02, -3.6261e-02, -4.7251e-02, -3.8225e-02,
         2.3997e-02,  2.1714e-02,  2.2985e-02, -1.0434e-02, -5.1092e-02,
        -1.2807e-01], device='cuda:0')), ('gconv.2.mlp_node_ncov.3.weight', tensor([0.8827, 0.9004, 1.0595, 1.0250, 0.9168, 0.9560, 0.9507, 0.9618, 0.8501,
        0.7974, 0.8239, 0.9377, 0.9840, 0.9220, 0.8935, 0.8124, 0.8530, 0.8888,
        0.9574, 0.8048, 0.7996, 1.1921, 0.8385, 0.8341, 0.9420, 0.8936, 1.0640,
        0.9857, 1.0379, 0.9201, 0.9309, 1.0360, 0.7617, 0.8635, 0.9108, 0.9200,
        0.7793, 0.8275, 1.0197, 0.8953, 0.8463, 0.7892, 0.9169, 1.0676, 0.8283,
        0.8525, 0.7985, 1.0640, 0.9092, 0.9631, 0.8320, 0.8604, 0.7966, 1.0084,
        0.8649, 1.0170, 0.9086, 0.9647, 1.0807, 1.0617, 0.8974, 0.8534, 0.8919,
        0.9111, 0.8918, 0.8207, 0.8422, 0.8921, 0.8039, 0.9781, 1.0410, 0.9339,
        0.8229, 1.0263, 0.8974, 0.8574, 0.8779, 0.8047, 0.8315, 0.7835, 0.8414,
        0.7514, 1.0262, 0.8846, 0.8309, 0.9528, 0.8510, 0.9368, 0.8635, 1.0788,
        0.8103, 0.8685, 0.8617, 0.9918, 0.8385, 0.8618, 0.9186, 0.8635, 1.0391,
        0.9653, 0.8749, 0.9191, 0.9888, 0.8742, 0.8831, 0.8308, 1.0142, 0.8698,
        0.9554, 1.0301, 0.7868, 1.0341, 0.9066, 0.8523, 0.9404, 0.8745, 0.9465,
        0.8605, 0.8375, 0.9600, 0.8847, 0.8770, 0.8942, 0.8838, 0.7331, 0.9208,
        0.9400, 1.0179, 1.0810, 0.9319, 0.8280, 0.9100, 1.0170, 1.0655, 0.9643,
        0.9122, 1.0052, 0.9154, 0.9539, 0.8555, 0.9437, 0.8814, 0.8523, 0.8744,
        0.8208, 0.9551, 0.9637, 1.0174, 0.7563, 0.9203, 0.9667, 0.9455, 0.7780,
        1.0292, 0.9107, 0.9382, 0.8054, 0.9296, 0.9161, 0.9165, 0.9031, 0.9082,
        1.0428, 0.9746, 0.8618, 0.9410, 0.8775, 0.9521, 0.8628, 0.7999, 0.8635,
        0.7878, 0.8637, 0.9532, 0.9643, 1.1259, 0.9558, 0.9111, 0.8950, 0.8569,
        0.8329, 0.9053, 0.8652, 0.9280, 0.8226, 0.9519, 1.0238, 0.9899, 0.9204,
        0.9174, 0.8911, 1.0102, 0.7481, 1.1942, 0.7980, 0.7944, 0.9688, 0.7859,
        0.8902, 0.9228, 0.8574, 0.8898, 0.7855, 0.9514, 0.9203, 1.0448, 0.8689,
        0.8898, 0.8671, 0.8042, 0.9346, 0.9626, 0.7582, 0.8797, 0.8604, 0.7962,
        0.9782, 1.0004, 1.0357, 0.9867, 0.7757, 0.8098, 0.9604, 0.8688, 0.9722,
        0.8846, 0.9540, 0.9095, 0.9169, 0.8814, 0.9275, 0.8716, 0.9659, 0.9063,
        0.9218, 0.8739, 0.9987, 0.9224, 0.9293, 1.0036, 0.9549, 0.9025, 0.8094,
        0.9047, 0.9713, 0.9495, 0.9298, 0.9403, 0.8869, 0.9218, 0.8047, 0.8753,
        0.7589, 0.8503, 0.9167, 1.0060], device='cuda:0')), ('gconv.2.mlp_node_ncov.3.bias', tensor([ 1.8790e-02,  4.7850e-02,  3.1477e-02, -5.2355e-03, -6.4907e-02,
         5.3838e-02, -4.1730e-02, -4.8777e-02,  7.8206e-02, -7.2120e-02,
         5.0093e-02,  5.0768e-02,  7.9666e-03,  9.4947e-02,  5.8315e-02,
        -9.5695e-03, -2.1860e-02,  8.9185e-02,  4.7691e-02,  4.9867e-03,
         3.6667e-02, -1.8417e-02, -4.4101e-02,  3.2371e-02, -3.0702e-02,
         1.5815e-03,  5.0487e-02, -4.1098e-02,  5.4455e-02,  3.2467e-02,
         3.8054e-02, -1.0164e-01,  9.1049e-03,  5.4662e-02,  1.2706e-02,
         2.4226e-02,  4.4615e-02,  3.1968e-02, -7.1324e-03,  3.6608e-03,
        -7.7128e-05,  5.9594e-02,  8.6473e-02, -9.2906e-03, -2.1702e-03,
         8.4058e-03, -3.8519e-02, -2.4965e-02,  1.9775e-02, -6.7039e-02,
         4.4206e-03, -1.1948e-03,  3.3802e-02,  4.0801e-04,  3.0722e-02,
        -4.1886e-02, -5.3403e-02,  2.3463e-02,  2.1775e-02, -5.4433e-02,
         1.8110e-02, -3.7007e-02,  1.7277e-02, -5.0227e-03,  1.2492e-02,
         6.0382e-02,  1.2871e-02, -2.1017e-02, -6.9417e-03, -1.8236e-02,
        -3.2183e-02, -3.9071e-02, -2.8625e-02,  2.5069e-02,  1.0216e-02,
         1.5578e-02,  3.0271e-02, -8.8057e-03, -4.4609e-03,  1.7908e-02,
         5.0586e-03, -2.7011e-02,  1.6197e-02,  5.0752e-02,  6.9646e-02,
         2.5205e-02, -2.1072e-02, -2.5648e-03, -8.5293e-02, -2.1173e-02,
         2.1948e-02, -2.7752e-02,  4.3179e-02,  6.5465e-02,  5.3324e-02,
         2.9314e-02,  3.2308e-02,  5.8600e-02, -3.4280e-02,  5.5100e-02,
        -2.4327e-02,  9.1686e-02, -2.4702e-02, -1.0531e-02,  8.0174e-03,
         4.0862e-02,  2.0482e-02,  3.4760e-02,  7.7808e-02,  1.2043e-02,
         4.7515e-02,  3.9408e-02,  8.0489e-03,  6.6362e-02, -7.7014e-02,
        -1.3854e-02,  1.8558e-02, -1.9411e-02, -5.0758e-02, -6.9716e-02,
         2.5183e-02,  1.8302e-02,  9.2023e-02,  5.6098e-02, -9.0304e-03,
        -6.1408e-03, -3.8296e-02,  1.1679e-01, -1.3820e-03,  3.6706e-02,
         2.9932e-02,  3.9749e-02, -4.0322e-02,  1.6707e-02, -7.9808e-02,
         1.2184e-02, -5.3786e-02,  7.4347e-02, -1.8401e-02, -3.6409e-03,
        -1.7716e-02,  7.6894e-02,  7.8915e-04, -9.4231e-02, -1.7895e-02,
         2.0873e-02,  3.8330e-02,  6.0787e-02,  3.6974e-02, -2.7653e-02,
         3.4162e-02, -1.5867e-02,  4.8403e-02, -1.1128e-02,  6.7103e-02,
         6.3181e-02,  1.0671e-01, -1.3023e-01,  2.5080e-02, -3.2395e-02,
        -8.1491e-03, -3.5435e-02,  1.5574e-02,  4.0534e-03,  5.5195e-02,
        -5.7123e-03,  6.4812e-02,  1.9238e-02, -2.9885e-02,  5.3937e-02,
         4.2230e-02,  1.4240e-01, -2.0004e-02, -1.2956e-02,  2.7172e-02,
         2.9236e-03, -6.8742e-03, -3.1819e-02,  5.7587e-02, -3.7177e-02,
         1.9820e-02, -4.1923e-02,  1.1708e-01,  9.1476e-02, -7.2954e-04,
         4.5574e-03,  8.1901e-02, -5.9241e-02,  4.3515e-02,  5.5518e-02,
        -7.3235e-03, -2.5151e-02,  6.9375e-03, -4.9464e-02,  4.5025e-02,
        -3.2966e-02,  9.0768e-02,  3.6379e-02, -3.7568e-02, -4.7395e-02,
         3.4080e-02, -9.3983e-04,  3.0426e-02,  6.6022e-02,  3.4492e-02,
        -1.0229e-02, -3.7052e-03, -6.1112e-02, -9.0241e-03,  2.8779e-02,
         6.0857e-02, -3.3916e-02, -2.6928e-02,  3.6191e-02,  1.9590e-02,
         6.9723e-02, -4.0030e-02, -4.7804e-04,  1.8100e-03,  2.6545e-02,
         1.3104e-02, -2.4341e-02,  4.0819e-02,  5.3969e-03, -1.5575e-02,
        -4.6091e-02, -6.6718e-02,  3.5522e-03, -4.6274e-02,  5.4633e-02,
         9.7832e-02,  1.2628e-02, -6.8996e-02,  8.3453e-02,  7.3816e-02,
         3.2460e-02,  3.7654e-02, -8.2097e-02,  1.8346e-02, -5.8718e-03,
        -5.3659e-02,  2.0867e-02, -2.0490e-03,  4.0217e-02,  2.9866e-02,
        -2.8455e-02, -3.9196e-02,  3.5823e-02, -5.9721e-02,  1.8075e-02,
         9.4546e-04, -5.4469e-02, -1.6446e-02,  4.3928e-02,  5.0152e-02,
        -8.5170e-02], device='cuda:0')), ('gconv.2.mlp_node_ncov.3.running_mean', tensor([ 8.2358e-01,  3.2195e-01,  2.2061e-01,  6.0652e-02,  1.3945e-01,
         7.3796e-02,  2.5123e-01,  6.0338e-01,  7.1562e-01,  8.0517e-01,
         3.6243e-01,  2.3319e-01,  3.3054e-02,  4.5487e-01,  1.9173e-01,
         5.8252e-01,  5.0239e-01,  2.7737e-01,  9.5792e-02,  1.1421e+00,
         1.0214e+00, -2.2536e-03,  4.6340e-01,  6.0761e-01,  4.6574e-01,
         5.7631e-01,  1.2116e-01,  2.4601e-01,  2.6514e-02,  4.0909e-01,
         1.7536e-01,  3.3295e-02,  1.3954e+00,  1.2465e+00,  1.7648e-01,
         2.1690e-01,  1.0379e+00,  1.2723e+00,  1.6468e-01,  1.7908e-01,
         3.7669e-01,  6.8482e-01,  5.5512e-01,  1.1891e-01,  4.4577e-01,
         8.8209e-02,  1.4932e-01,  9.7511e-02,  4.2178e-01,  3.3265e-01,
         7.3938e-01,  4.5888e-01,  4.4124e-01,  7.0014e-02,  2.1794e-01,
         1.3243e-01,  3.5320e-01,  1.0862e-01,  1.9149e-01,  9.3358e-02,
         2.3608e-01,  1.7402e-01,  1.0829e+00,  3.1790e-01,  4.4487e-01,
         1.4172e+00,  5.4984e-01,  2.5244e-01,  3.4158e-01,  1.4920e-01,
         5.0928e-03,  1.3779e-01,  1.1240e+00,  2.5753e-01,  7.3961e-01,
         5.8555e-01,  3.1928e-01,  9.9867e-01,  5.8115e-01,  5.2289e-01,
         1.4030e-01,  1.1763e+00,  1.9995e-01,  8.1392e-01,  6.2779e-01,
         1.8047e-01,  4.8455e-01,  9.0976e-02,  2.5188e-01,  3.4447e-02,
         4.0057e-01,  5.0306e-01,  4.9800e-01,  3.1645e-01,  9.8700e-01,
         3.0387e-01,  3.5911e-01,  4.8234e-01,  2.1415e-01,  6.8253e-01,
         3.2047e-01,  1.6523e-01,  1.8094e-01,  2.8813e-01,  2.7898e-01,
         5.7453e-01,  2.6549e-01,  5.2870e-01,  2.8873e-01,  9.9951e-02,
         1.9988e+00,  1.3832e-01,  4.2613e-01,  3.1647e-01,  1.7110e-02,
         3.3752e-01,  3.3132e-02,  1.9479e-01,  1.7677e-01,  1.7009e-01,
         1.8557e-01,  6.2611e-01,  1.9932e-01,  7.0056e-01,  1.0779e+00,
         1.3877e-01,  5.5732e-01,  5.5465e-02,  8.4944e-02,  2.3611e-01,
         1.1756e+00,  2.7783e-01,  1.2015e-04,  6.6888e-02,  2.0126e-01,
         3.9737e-01,  2.1114e-01,  2.8819e-01,  1.8774e-01,  4.5127e-01,
         7.6058e-02,  2.0016e-01,  6.8888e-01,  2.1446e-01,  2.2733e-01,
         2.1042e-01,  2.3771e-01,  2.0997e-01,  7.2925e-01,  1.8199e-01,
        -2.0717e-02,  4.2050e-01,  9.3367e-01,  1.8239e-01,  7.9463e-01,
         9.2220e-02,  1.3027e+00,  3.3791e-02,  1.1433e-01,  2.8053e-01,
         2.9803e-01,  6.9314e-01,  9.6638e-02,  5.1869e-01,  6.1499e-01,
         3.7001e-01,  5.1158e-01,  6.3014e-02,  5.1285e-01,  6.7064e-01,
         3.7195e-01,  8.2744e-01,  5.9074e-01,  1.2024e-01,  3.1164e-01,
        -9.0911e-03,  2.6606e-01,  4.8403e-01,  3.3054e-01,  1.9303e-01,
         1.9729e-01,  2.8681e-01,  7.3936e-01,  4.7451e-01,  5.0150e-01,
         1.6472e-01,  9.1205e-02,  3.5463e-01,  2.8074e-01,  5.5575e-01,
         4.8898e-01,  1.4338e-01,  3.4101e-01,  1.8431e-02,  6.2786e-01,
         1.0556e+00,  1.1036e-01,  2.0017e-01,  2.9217e-01,  1.9044e-01,
         2.6701e-01,  2.4661e-01,  4.5532e-01,  1.3358e-01,  4.6541e-01,
         1.3859e-01,  2.1737e-01,  3.3361e-01,  2.2627e-01,  2.4748e-01,
         2.6457e-01,  3.1395e-01,  7.7112e-01,  1.0187e+00,  4.9915e-01,
         5.2539e-02,  2.2565e-01,  1.3539e-01,  2.7876e-01,  6.5251e-02,
         3.5590e-01,  5.7140e-01,  4.2175e-01,  2.8594e-01,  1.2394e-01,
         3.1166e-01,  1.3331e-01,  3.0418e-01,  3.9025e-01,  3.8201e-01,
         5.2371e-01,  4.7143e-01,  8.9516e-02,  2.5829e-01,  1.5281e-01,
         7.2363e-01,  2.5480e-02,  1.2397e-01,  1.9980e-01,  2.2415e-01,
         4.2730e-01,  1.6619e-01,  9.2051e-02,  4.2757e-01,  3.9310e-01,
         2.5460e-01,  3.2248e-01,  5.3829e-01,  1.3770e-01,  2.2770e-01,
         4.1256e-01,  1.4831e-01,  9.8293e-01,  5.7833e-01,  1.0192e-01,
         1.4122e-01], device='cuda:0')), ('gconv.2.mlp_node_ncov.3.running_var', tensor([ 3.7189,  0.9101,  0.6549,  0.3395,  0.7630,  0.2960,  1.0327,  1.9965,
         3.2498,  3.9830,  1.3303,  0.9159,  0.3069,  1.6480,  0.6041,  2.0736,
         1.8700,  0.8227,  0.5270,  2.7312,  5.4289,  0.1627,  2.4060,  1.4073,
         2.1300,  2.1355,  0.7980,  0.8055,  0.2277,  1.8632,  0.4567,  0.2164,
         6.7530,  3.8299,  0.6129,  0.8380,  3.0238,  6.4990,  0.7374,  0.6052,
         1.6580,  2.2331,  2.7904,  0.5019,  0.8699,  0.3760,  0.3351,  0.5446,
         1.0900,  1.0602,  2.9967,  0.8120,  2.5678,  0.4172,  0.6149,  0.5874,
         0.8547,  0.5627,  0.8852,  0.4686,  0.8344,  0.5626,  3.9789,  0.7810,
         1.8398,  6.9640,  2.6511,  0.8773,  1.3379,  0.4840,  0.1724,  0.6289,
         6.3060,  1.0203,  4.2716,  2.1278,  0.8251,  4.0111,  1.6633,  2.5808,
         0.6382,  4.5094,  0.9364,  4.3900,  1.5440,  0.7003,  1.9385,  0.4216,
         0.5496,  0.2000,  1.5153,  1.6877,  2.3520,  1.4383,  4.3979,  1.6199,
         1.7149,  2.0937,  0.8604,  3.6933,  1.1942,  0.8612,  0.6983,  0.9372,
         0.9218,  3.3714,  1.9905,  3.6752,  1.0952,  0.3904, 11.4594,  0.6952,
         2.0900,  1.2070,  0.1946,  1.5207,  0.2266,  1.1336,  0.4987,  0.5476,
         0.5857,  1.3894,  1.0277,  1.9193,  4.4278,  0.6998,  1.6054,  0.3439,
         0.4774,  0.5425,  4.9586,  1.0412,  0.1437,  0.3235,  0.8799,  1.7708,
         0.8860,  1.2527,  0.9798,  0.7197,  0.4945,  0.8043,  1.7921,  0.5848,
         0.4875,  1.0006,  1.3196,  1.3833,  4.9890,  0.7031,  0.1455,  1.5974,
         5.5290,  1.0557,  2.0965,  0.4172,  6.2684,  0.2119,  0.4432,  1.0764,
         1.0763,  2.4996,  0.5219,  1.7769,  2.3776,  1.2402,  1.8262,  0.3791,
         1.4094,  4.0766,  1.7734,  3.9293,  2.4329,  0.3930,  1.1312,  0.1571,
         1.0933,  1.1485,  1.2375,  0.6088,  0.7557,  1.0941,  2.3981,  2.6934,
         2.1508,  0.6937,  0.5291,  1.4376,  1.0873,  3.0965,  1.8046,  0.6250,
         1.7523,  0.2071,  3.0320,  5.8972,  0.5529,  0.5137,  0.9801,  0.6241,
         1.2559,  0.8406,  2.4304,  0.5555,  1.8056,  0.6474,  0.7895,  1.8332,
         1.0231,  0.8035,  1.0371,  1.1983,  2.8639,  5.0806,  2.1016,  0.2575,
         0.7781,  0.4684,  1.4242,  0.3341,  1.0988,  3.3162,  1.9563,  1.1511,
         0.6297,  1.0036,  0.6072,  1.4499,  1.1832,  1.5206,  2.5603,  1.5134,
         0.4122,  0.9511,  0.6962,  4.2990,  0.2749,  0.3394,  0.8967,  0.8835,
         2.2499,  0.5207,  0.2909,  1.8683,  0.9366,  0.7636,  1.4075,  1.4977,
         0.7119,  0.9851,  1.7364,  0.4092,  3.8600,  2.6478,  0.5248,  0.5727],
       device='cuda:0')), ('gconv.2.mlp_node_ncov.3.num_batches_tracked', tensor(20438, device='cuda:0')), ('gconv.2.mlp_coord_cov.0.weight', tensor([[ 4.7959e-03,  3.7147e-01,  4.7894e-01,  ..., -9.6263e-05,
         -1.2645e-06, -6.5236e-11],
        [ 8.2686e-03,  5.3587e-01, -2.3537e-02,  ..., -7.7897e-05,
          2.2479e-08, -3.6518e-13],
        [-7.6564e-03,  3.3037e-01,  3.6463e-01,  ..., -6.0934e-05,
         -1.1138e-07, -7.2076e-12],
        ...,
        [ 9.2263e-03,  6.6696e-01,  1.2077e-01,  ..., -1.6149e-04,
         -2.3817e-07, -7.2309e-12],
        [ 5.7495e-03,  2.3970e-01, -3.9363e-01,  ..., -1.2794e-04,
         -2.0635e-07,  1.2017e-12],
        [ 1.7755e-03, -1.7234e-01,  2.1658e-02,  ...,  5.8105e-05,
         -2.7972e-09, -1.1930e-12]], device='cuda:0')), ('gconv.2.mlp_coord_cov.0.bias', tensor([ 0.1206,  0.0901, -0.1256, -0.0371,  0.1109, -0.1119, -0.0222,  0.3339,
         0.0023, -0.0650, -0.0266,  0.3204,  0.0371,  0.2670,  0.1565, -0.0110,
        -0.1153, -0.1557,  0.2346,  0.0372, -0.1711, -0.0093,  0.3093,  0.3332,
        -0.0170, -0.0593, -0.0249,  0.2432,  0.2078,  0.1960, -0.0993, -0.2042,
         0.2353, -0.0477,  0.2654,  0.0871,  0.0480,  0.0067,  0.1111,  0.2177,
        -0.1122,  0.1251,  0.0419, -0.0427, -0.1208, -0.0637, -0.0640,  0.0785,
         0.1939,  0.2063,  0.3470,  0.2128,  0.0683,  0.1299, -0.0747,  0.0460,
         0.1070,  0.1517,  0.2491, -0.0781,  0.2669, -0.0078, -0.1229, -0.0494,
         0.2397, -0.1601,  0.0504, -0.0619, -0.0289,  0.3114,  0.1375,  0.1595,
        -0.0952,  0.0621, -0.2186,  0.2508, -0.0740, -0.0142,  0.2756, -0.1092,
        -0.0526, -0.0260, -0.2641,  0.2646, -0.1423,  0.2804,  0.0188, -0.0259,
        -0.2281, -0.2394, -0.0301, -0.0599, -0.0630, -0.1768,  0.1887,  0.1619,
         0.2482, -0.2010, -0.1366, -0.0774,  0.1462, -0.1119, -0.0739, -0.1166,
        -0.1372, -0.0838,  0.0613,  0.0866, -0.0652, -0.0709, -0.0875, -0.2754,
        -0.0793, -0.0875,  0.0461, -0.0784, -0.1256, -0.0362, -0.2313,  0.2102,
        -0.1099,  0.0970,  0.0214,  0.3922,  0.1454, -0.0193, -0.0231, -0.0342,
        -0.1866,  0.3921, -0.1873, -0.1787,  0.0802,  0.2853,  0.0820, -0.1843,
        -0.1471,  0.3629,  0.2069, -0.2069, -0.0097,  0.2604, -0.1561,  0.3256,
         0.1973,  0.1726,  0.2946, -0.0453,  0.1221,  0.1995,  0.2192,  0.3443,
         0.2052, -0.0387, -0.1720,  0.0887,  0.1057,  0.0297,  0.1139,  0.1068,
         0.1686,  0.1793, -0.0696,  0.0488,  0.0345, -0.1080, -0.0305,  0.0366,
         0.1555, -0.0732, -0.1230,  0.0064,  0.2201, -0.0324, -0.1618, -0.1579,
         0.2933,  0.0881,  0.1122,  0.1648,  0.0084,  0.0530,  0.1438,  0.1829,
         0.1318,  0.0818, -0.2919, -0.1086, -0.0766,  0.0716, -0.2094, -0.0740,
        -0.1032,  0.1085,  0.2039, -0.1186, -0.1197, -0.0734,  0.1727, -0.0239,
         0.2839,  0.0400, -0.0267,  0.2496,  0.1846, -0.0695, -0.0882, -0.0474,
         0.2662, -0.0849,  0.1348, -0.0346, -0.0677,  0.0704, -0.1627, -0.1426,
         0.1610, -0.0560,  0.0817, -0.0824,  0.0806,  0.1714,  0.2092,  0.2017,
        -0.0030,  0.0190,  0.1333,  0.1766,  0.0607, -0.0412,  0.2062,  0.2721,
         0.1845,  0.2264, -0.1007,  0.1622,  0.1160,  0.1656,  0.2124,  0.1346,
         0.1442,  0.2904,  0.1557,  0.1860,  0.1307, -0.0099,  0.1353, -0.0263,
        -0.0794, -0.1491, -0.0526, -0.0143, -0.1546, -0.0901,  0.0728, -0.0735],
       device='cuda:0')), ('gconv.2.mlp_coord_ncov.0.weight', tensor([[-1.2301e-03, -5.3536e-03,  4.8836e-03,  ..., -6.0546e-03,
         -4.9298e-01, -1.6727e-03],
        [ 2.0063e-03,  7.8998e-03,  2.0254e-02,  ..., -2.6503e-01,
         -1.5926e-01, -8.4035e-03],
        [-1.4974e-04,  6.5310e-03,  2.4424e-02,  ..., -6.4960e-01,
          2.2448e-02, -2.3266e-02],
        ...,
        [ 5.9201e-04,  2.8717e-04, -2.7880e-02,  ...,  2.6907e-01,
          7.1699e-02,  1.1532e-02],
        [ 3.8553e-04,  2.7722e-03,  1.3173e-02,  ...,  4.2709e-01,
          1.7271e-01, -2.6096e-03],
        [ 3.9013e-04, -1.1334e-03, -1.6294e-02,  ...,  7.5181e-02,
         -5.6461e-01, -2.7138e-02]], device='cuda:0')), ('gconv.2.mlp_coord_ncov.0.bias', tensor([ 0.0962, -0.2949, -0.3378, -0.0382,  0.3421, -0.3579, -0.0681, -0.0660,
         0.1275, -0.2911, -0.2306,  0.1078, -0.2429,  0.1100, -0.2236, -0.0282,
        -0.3028, -0.3288, -0.2656,  0.1494,  0.0935,  0.0141,  0.0481,  0.1529,
        -0.4752,  0.2938, -0.2848,  0.1715,  0.2795, -0.1156,  0.1880,  0.3080,
         0.1317, -0.0494, -0.3415,  0.3467,  0.2457, -0.2115,  0.1792,  0.1038,
        -0.1083, -0.0610, -0.0682, -0.1206, -0.0088, -0.1310, -0.0864, -0.3066,
         0.0629, -0.1855,  0.0412, -0.1721, -0.2024, -0.2703,  0.0461, -0.4198,
         0.0164, -0.2311,  0.0252, -0.0339, -0.2571,  0.1128, -0.2298,  0.2399,
        -0.1508, -0.3851,  0.2293, -0.0382,  0.2952,  0.0150,  0.2699,  0.0229,
        -0.3085, -0.2517, -0.1915,  0.0971,  0.1131,  0.1743, -0.2542, -0.2107,
        -0.1653,  0.2450, -0.3345,  0.2352,  0.0763, -0.1354,  0.1385,  0.2017,
         0.2709,  0.2946, -0.3050,  0.1175,  0.0510, -0.0389, -0.2015, -0.0512,
         0.0990, -0.1645, -0.0931,  0.0747, -0.2269,  0.1647,  0.0857,  0.1842,
         0.1873, -0.1208,  0.0152,  0.0386, -0.0419,  0.2213, -0.1250, -0.0912,
         0.2452, -0.1375, -0.2560,  0.1932,  0.1370, -0.0393, -0.1653,  0.0309,
        -0.0504, -0.2757, -0.2381,  0.1372, -0.0873, -0.0791, -0.0208, -0.0946,
        -0.3184,  0.1803, -0.3319,  0.0089, -0.1101, -0.2165, -0.1250,  0.3050,
        -0.1810,  0.1278, -0.1843,  0.0654,  0.1751, -0.3056, -0.1381, -0.2420,
        -0.2621,  0.2143, -0.0298,  0.2224,  0.0349, -0.1968,  0.0172, -0.3457,
        -0.2783,  0.1068, -0.1229, -0.3582, -0.1030,  0.1996, -0.2653,  0.1760,
         0.2781, -0.0298,  0.2372,  0.1605,  0.3624,  0.1256,  0.1441, -0.2123,
        -0.2931, -0.2092,  0.1296, -0.1061, -0.0845,  0.1585,  0.2919,  0.1104,
        -0.0419,  0.0277, -0.1283,  0.2108, -0.2718, -0.4135,  0.0026, -0.2332,
         0.0293,  0.2356, -0.2443, -0.3072, -0.1625, -0.0159,  0.1266,  0.1459,
         0.1278,  0.1326, -0.3492, -0.1543, -0.3463, -0.3316, -0.0973, -0.2020,
        -0.2092,  0.0948,  0.2168, -0.0720,  0.2992, -0.3078,  0.3432,  0.0806,
        -0.0385,  0.0696,  0.0998, -0.1375,  0.1386, -0.0730, -0.2324,  0.2229,
         0.3217,  0.1501,  0.1316,  0.0271,  0.2326,  0.2325, -0.4002,  0.1057,
         0.1756,  0.2213, -0.1078,  0.1258,  0.1039, -0.1241, -0.4215,  0.3146,
        -0.3086, -0.0954, -0.1652, -0.1908, -0.1642, -0.0793, -0.2918, -0.2008,
        -0.0069, -0.2655, -0.2067,  0.2190, -0.2821,  0.1308, -0.2564, -0.2402,
         0.2484, -0.3489, -0.1115, -0.2831,  0.2566,  0.2766,  0.0505, -0.4217],
       device='cuda:0')), ('fc.predict.0.weight', tensor([[ 0.0389, -0.0880,  0.1819,  ...,  0.0133,  0.0038,  0.0316],
        [-0.0335, -0.0252,  0.0058,  ..., -0.0591, -0.1451, -0.0340],
        [ 0.1122,  0.0189,  0.0092,  ..., -0.0608,  0.0382,  0.0524],
        ...,
        [-0.0076, -0.0080,  0.0231,  ...,  0.0688, -0.0145,  0.0079],
        [-0.0321, -0.1068, -0.0276,  ...,  0.0532,  0.1337, -0.1709],
        [ 0.0206, -0.0603,  0.0637,  ...,  0.1571,  0.0696, -0.0504]],
       device='cuda:0')), ('fc.predict.0.bias', tensor([-1.8855e-02, -2.4977e-02, -2.0080e-02,  1.8781e-02, -2.0598e-02,
        -2.4311e-02,  1.7196e-02, -3.2454e-02, -1.3582e-02,  1.2287e-02,
        -2.6506e-02, -8.6580e-03, -2.3084e-02, -1.9590e-02,  3.2844e-03,
         2.8811e-02, -3.0525e-02, -2.7017e-02, -3.8461e-02, -1.6404e-02,
         5.3741e-03,  1.6769e-02, -1.3443e-02, -1.4801e-02, -2.7274e-02,
         1.9569e-02,  6.8328e-03,  1.5609e-03, -2.8396e-02,  1.0946e-02,
         9.7680e-03,  1.9903e-02,  9.4508e-03, -6.3694e-03,  3.7875e-03,
         1.3927e-02,  8.8261e-03,  1.9701e-03, -1.8407e-02,  2.0698e-02,
         6.5493e-03, -1.2787e-03,  1.9602e-02, -2.6654e-02, -2.1591e-02,
         2.3511e-02,  1.4399e-02, -1.7353e-02, -1.8713e-02, -1.1887e-02,
         3.7389e-03, -1.2316e-02, -2.2939e-02, -1.6241e-02, -6.6365e-03,
        -3.6656e-02, -2.8013e-03, -1.9366e-02, -2.8497e-02,  1.1052e-02,
        -1.4527e-03, -2.8284e-02, -1.0456e-02, -3.2664e-02,  4.0142e-03,
        -1.7009e-03, -7.1032e-03,  9.4684e-03,  8.7349e-03, -1.0943e-02,
        -2.7136e-02, -1.0695e-02, -2.3039e-02, -2.3628e-04, -1.3176e-02,
        -2.1877e-02, -2.1635e-02, -2.7856e-02, -2.1051e-02, -1.4813e-02,
        -9.2960e-03, -6.6653e-03, -2.1640e-02, -7.2644e-03, -3.5910e-02,
        -9.5534e-03, -3.9006e-04, -2.8479e-02, -1.5935e-02,  1.9417e-02,
         2.5512e-03, -1.9184e-02, -1.5370e-02, -2.6704e-02,  5.7650e-03,
        -2.4175e-02,  1.1087e-02,  5.8906e-04, -8.7786e-05,  9.9478e-03,
         4.4686e-03, -6.1248e-03, -8.8523e-03, -1.4859e-02,  1.1579e-02,
        -2.1444e-02, -2.6367e-02, -1.7825e-02,  6.8097e-03, -1.3779e-02,
        -3.5254e-03,  8.5731e-03,  3.3654e-02, -2.7805e-02,  5.6944e-03,
        -2.0480e-03, -2.9311e-02, -2.1267e-02,  1.4685e-02, -2.2601e-02,
        -8.5706e-03,  1.0272e-02, -2.6134e-02, -4.8334e-03,  1.5026e-02,
         4.3299e-03, -1.0631e-02, -1.7357e-02,  2.2501e-02,  6.8157e-03,
        -2.1950e-02, -1.2560e-02,  2.1722e-02, -3.1815e-02, -2.1435e-02,
        -2.3824e-03, -3.1424e-02,  1.5543e-05, -2.3624e-02, -2.4051e-02,
        -4.3461e-03, -1.5778e-02, -2.6939e-02, -2.1196e-03, -2.5766e-02,
        -3.0475e-02, -1.7058e-02, -1.3035e-02, -2.1591e-02, -2.0139e-02,
        -2.1101e-02,  3.1246e-03, -2.4387e-02, -1.5775e-02, -1.8853e-02,
        -8.7875e-03,  2.9105e-03,  8.2205e-03, -6.0239e-03,  6.9914e-03,
        -3.0958e-02,  1.3595e-02, -5.5847e-03, -2.2508e-02, -1.7986e-02,
        -2.3624e-02, -2.3628e-02, -2.1555e-02, -1.0212e-03,  3.1283e-03,
        -2.3181e-02,  3.4017e-03, -2.2355e-02,  1.2701e-02, -2.5202e-02,
        -1.5503e-02, -7.3637e-03,  1.6164e-02,  1.0341e-02,  6.3919e-03,
         9.9281e-03, -2.7174e-02, -2.0547e-02, -3.0366e-02, -2.2852e-02,
        -1.8010e-02, -3.0347e-02, -6.7319e-03,  1.2677e-02,  1.0506e-02,
         1.0669e-03, -3.5230e-03, -5.9446e-03, -3.6595e-02, -4.3296e-02,
         2.9565e-03,  1.6673e-02, -3.5704e-02, -1.5486e-02, -3.7603e-03,
         1.0118e-03, -3.3063e-02, -7.6023e-03, -9.9171e-03, -3.1068e-02,
        -9.4663e-03, -2.7448e-02,  9.7747e-03, -3.9227e-04, -2.3708e-02,
        -1.1631e-02, -3.6526e-02, -1.2237e-02, -5.6561e-03,  1.2970e-02,
        -3.1815e-02, -1.2072e-02, -1.8348e-02,  6.9931e-03, -2.3414e-02,
         8.4424e-03, -2.2139e-03, -1.1751e-02, -2.0667e-02, -1.1484e-02,
        -1.8743e-02,  1.1781e-02, -5.8437e-03, -1.7567e-02, -1.6675e-03,
        -5.2900e-04, -2.9783e-03, -2.0808e-02, -1.5129e-02, -1.6085e-02,
         1.8589e-02, -8.5887e-03,  9.2454e-03, -2.3112e-02, -3.6406e-03,
        -1.3539e-02, -2.5057e-02,  1.6815e-02, -2.9181e-02, -3.0372e-02,
        -7.4438e-03, -1.7982e-02, -2.8211e-03, -2.1944e-02, -1.6836e-02,
        -2.7028e-02, -3.0649e-02, -1.6835e-02,  6.3815e-03, -3.5893e-03,
        -2.3196e-02], device='cuda:0')), ('fc.predict.3.weight', tensor([0.8172, 0.7775, 0.8741, 0.9348, 0.8067, 0.8871, 0.9368, 0.7639, 0.7800,
        0.9300, 0.8757, 0.8783, 0.8399, 0.8302, 1.0893, 0.9607, 0.8016, 0.8686,
        0.9144, 0.8606, 0.9181, 0.9685, 0.8787, 0.9124, 0.8560, 0.9183, 0.8983,
        1.0840, 0.8836, 0.8992, 0.9073, 0.8116, 0.9003, 0.8890, 0.8957, 0.9107,
        0.9300, 0.9639, 0.8883, 0.9230, 0.9628, 0.9077, 0.7931, 0.8299, 0.9513,
        1.0139, 0.9149, 0.7978, 0.8236, 0.8630, 0.9230, 0.8847, 0.8686, 0.8206,
        0.8382, 0.8291, 0.9086, 0.9641, 0.9652, 0.9866, 0.8727, 0.8736, 0.9683,
        0.7918, 0.8387, 0.8388, 0.9875, 1.0092, 0.8655, 0.9154, 0.8791, 0.8804,
        0.8713, 0.9138, 0.9059, 0.9679, 0.8992, 0.7107, 0.8653, 0.8690, 0.8929,
        0.9108, 0.9029, 0.9008, 0.8877, 0.8602, 0.8738, 0.9618, 0.8771, 0.9778,
        0.9220, 0.8483, 0.8527, 0.9293, 0.7783, 0.8105, 0.8384, 0.8531, 0.8049,
        0.9229, 0.8901, 0.9636, 0.8621, 0.8394, 0.9093, 0.9034, 0.8600, 0.8554,
        0.9240, 0.9838, 0.9077, 0.9043, 0.8950, 0.7799, 0.8294, 0.9280, 0.8623,
        0.9099, 0.8948, 0.7834, 0.9580, 0.9183, 0.8407, 0.8643, 0.8361, 0.8919,
        0.9732, 0.9705, 0.8976, 0.8948, 0.8620, 0.8346, 0.8771, 0.9076, 0.8157,
        0.8775, 0.7384, 0.9234, 0.9019, 0.8619, 0.8985, 0.8520, 0.8735, 0.9163,
        0.8880, 0.8869, 0.8521, 0.7707, 0.9371, 0.8670, 0.8349, 0.9150, 0.8539,
        0.8649, 0.8568, 0.9565, 0.9167, 0.9593, 0.8607, 0.9105, 0.8537, 0.9015,
        0.9412, 0.7984, 0.9114, 0.7692, 0.9133, 0.8749, 0.9572, 0.9439, 0.9179,
        0.8196, 0.8560, 0.9041, 0.9246, 0.9478, 0.8466, 0.9248, 0.9566, 0.8979,
        0.9595, 0.8271, 0.9038, 0.9087, 0.7323, 0.8434, 0.8547, 0.9365, 0.9891,
        1.0000, 0.8831, 0.8210, 0.8516, 0.8215, 0.8502, 0.9267, 0.8824, 0.8475,
        0.9095, 0.9372, 0.8610, 0.8197, 0.9109, 0.8777, 0.8330, 0.8655, 0.8294,
        0.8459, 0.7891, 0.8095, 0.8641, 0.7866, 0.8227, 0.8687, 0.9187, 0.8510,
        0.7916, 0.8590, 0.8938, 0.9165, 0.9237, 0.9724, 0.8707, 0.8752, 0.8863,
        0.8509, 0.9513, 0.8846, 0.8225, 0.8296, 0.9946, 0.8581, 0.8474, 0.8724,
        0.9004, 0.9673, 0.8789, 0.8513, 0.8619, 0.9109, 0.9027, 0.9247, 0.9529,
        0.8910, 0.8101, 0.8916, 0.8618, 0.9378, 0.8128, 0.8374, 0.9140, 0.8708,
        0.8520, 0.9204, 0.8582, 0.7928], device='cuda:0')), ('fc.predict.3.bias', tensor([-7.1343e-03,  1.5998e-02, -1.6754e-01,  2.5156e-01,  1.4134e-01,
         4.8561e-02,  1.0224e-01,  7.2031e-02, -9.7123e-02,  8.1218e-02,
         8.3996e-02, -2.1619e-01, -8.2642e-02, -1.5693e-01,  2.2396e-01,
         2.1295e-01, -6.1798e-02,  3.4190e-02, -2.0999e-01,  1.4523e-02,
        -1.7779e-01,  2.2262e-01,  1.2101e-01, -1.0664e-01,  9.1351e-02,
         2.1865e-01,  1.3657e-01,  2.1023e-01, -2.1077e-01,  8.4002e-02,
        -5.5789e-02, -7.0270e-02, -1.8152e-04, -6.3503e-02, -9.5809e-02,
         5.9946e-02,  2.0629e-01, -7.9803e-03,  9.4882e-02,  1.5105e-01,
         7.2443e-02,  2.1191e-01,  1.0332e-01, -3.6697e-02,  9.5696e-02,
         2.2517e-01,  2.9089e-01, -8.8175e-02, -6.1812e-02,  2.3998e-01,
        -3.3606e-02,  1.3806e-01, -4.1339e-02,  1.7141e-01, -1.4137e-02,
         9.3654e-02,  7.3016e-02, -6.8675e-02,  6.5654e-02,  3.2301e-01,
        -5.3541e-02,  7.0654e-03, -8.3328e-02,  1.3607e-01, -4.5690e-02,
        -1.2366e-01,  4.4009e-02,  2.4198e-01,  1.2281e-01, -9.6302e-02,
        -7.0027e-02, -2.4166e-01, -1.2739e-01, -1.0120e-01,  5.1683e-02,
        -5.2589e-02,  1.1956e-01,  6.7504e-03, -6.1149e-02,  3.6117e-02,
        -1.5244e-01, -1.0425e-01, -1.1927e-03, -5.8698e-02, -2.8348e-01,
        -6.6291e-02,  2.1599e-01,  1.3751e-01,  8.1378e-02,  1.3954e-01,
        -4.3597e-02, -1.2269e-01, -4.2739e-02,  6.0667e-02, -1.3701e-01,
        -9.1367e-02, -4.6831e-02,  1.9034e-02, -1.6193e-01,  1.3331e-01,
         2.2716e-01,  1.3536e-01,  1.2571e-01, -1.4907e-01,  4.8733e-02,
        -6.3133e-02, -7.8450e-02, -8.4495e-02,  2.7006e-01,  1.0882e-01,
         3.3459e-02,  1.3495e-01,  1.1529e-01,  1.3829e-02, -1.0485e-02,
         1.5402e-01,  1.6781e-01, -8.7000e-03,  1.8700e-01,  5.3317e-02,
         9.6487e-03, -1.2280e-01,  1.3846e-01,  1.2792e-01, -1.4126e-01,
        -1.8793e-02,  9.4823e-02, -3.8481e-04,  9.7399e-02,  3.0851e-01,
        -9.7501e-02, -7.8364e-02,  3.7094e-02, -1.7871e-03, -6.6682e-02,
        -7.8022e-02,  1.5041e-02,  8.0890e-03, -4.2392e-02,  2.4446e-02,
        -4.9555e-04, -1.4874e-01, -4.9690e-02,  1.0164e-02, -1.5440e-01,
         2.4976e-02, -7.7281e-02,  9.0082e-02, -3.0118e-02,  1.3941e-01,
         6.0315e-02, -6.2822e-02,  1.4870e-02,  1.7642e-01,  7.5595e-02,
         1.2956e-01, -2.9937e-02,  1.7982e-01,  9.5571e-02,  3.6118e-02,
        -1.5018e-01,  5.1905e-02,  1.6601e-01, -1.4486e-02,  7.1421e-02,
        -2.6362e-01, -2.5325e-02, -8.1947e-03, -2.7691e-02,  1.6156e-01,
        -6.7014e-02, -5.7952e-03,  3.0428e-02,  1.2673e-02,  5.6973e-02,
         2.9848e-01, -1.5388e-01, -1.1520e-02,  1.9939e-01,  9.0566e-02,
         1.8416e-01, -4.1155e-02, -9.4877e-02,  2.0984e-01, -4.5433e-02,
         6.3948e-02, -2.1518e-04,  1.2612e-01,  8.4329e-02,  9.6251e-02,
        -1.5626e-02,  3.5271e-02, -6.1284e-02,  6.9059e-02, -2.1370e-01,
         9.4806e-02,  2.2605e-01,  1.4799e-01, -1.2909e-02, -1.2583e-01,
         4.2377e-02, -2.4822e-01,  2.7700e-02,  6.9591e-02, -1.4200e-01,
        -8.7411e-03, -8.2851e-02, -2.5575e-01, -3.6462e-02, -3.4348e-02,
        -2.3444e-03, -2.2791e-01,  5.0944e-03,  7.2753e-02,  5.3904e-02,
         1.1401e-01, -1.5438e-01,  1.3597e-01,  3.5499e-02,  1.1370e-01,
         1.4996e-01,  7.7295e-02, -8.3325e-02, -2.0538e-02,  9.2304e-02,
         7.3284e-02,  6.3753e-02,  3.7943e-02,  1.0912e-02,  4.2933e-02,
         4.2573e-02,  1.3706e-01, -2.6821e-02,  5.1317e-02,  2.4628e-02,
         2.4342e-01, -5.4581e-02,  3.5183e-02, -4.8825e-02,  7.2334e-02,
         1.6657e-02, -8.0352e-03,  3.0605e-01,  7.0754e-02,  4.4352e-02,
        -2.4054e-01, -5.1117e-02,  7.6160e-02, -5.0635e-02, -3.5818e-02,
         2.7134e-02, -4.1539e-02,  2.3514e-01,  9.4536e-04, -1.1898e-01,
         4.3261e-02], device='cuda:0')), ('fc.predict.3.running_mean', tensor([ 29.8831,  83.9891,  25.1345,   3.0341,  54.3059,  18.9835,   4.3131,
        101.6598,  96.1795,   4.7443,  44.7364,  10.2213,  48.1208,   5.2523,
          9.1979,   9.2652,  27.3190,  26.9206,  21.1238,  16.6012,   7.7558,
          4.0421,  34.7048,   7.4497,  29.9536,   6.2759,   7.7693,   7.2375,
         34.1014,   7.4449,   6.2721,   8.8437,   9.3932,  22.9286,   3.8950,
         12.6863,  13.3427,  14.0648,  10.8133,   3.1167,   9.4028,  11.0954,
          6.9880,  15.9753,  14.0261,   4.3462,   3.0667,  87.0461,  42.1000,
         17.6391,  13.7987,  19.8443,   3.5376,  13.9695,  20.8930,  68.4148,
         16.3998,   8.0489,   6.2549,   6.8910,   4.5657,  57.6413,  18.4473,
         53.2723,   1.8743,  26.6725,  22.6487,   8.8717,   5.7606,  11.8662,
         64.6549,  24.1867,  61.1727,  18.6177,  12.0270,   9.7787,  44.7753,
        133.3383,  21.3025,   5.7333,  10.1828,   7.3305,  15.3811,  11.2166,
         23.9773,  21.1241,  12.3360,  29.1906,  18.7875,  11.6719,  14.0226,
         29.0417,  15.1190,  17.9326,  16.0107,  40.3214,  10.3218,  -0.2105,
         11.0558,   3.0293,  16.3668,  18.7561,  23.8762,  20.1108,   3.4262,
         12.8008,  36.1170,  23.4453,  12.6558,  12.9786,  13.1841,   5.3896,
          7.3842,  37.4573,   5.4084,  13.4001,  45.1727,   6.7168,   8.9173,
        115.4561,  15.9653,   4.8601,  34.9872,   8.0005,   4.5726,  10.4224,
         18.1860,  15.5008,   2.7761,   7.7522,  13.7893,  38.9257,   3.8233,
         55.9219,  68.0651,  23.9369, 128.6307,   7.1030,  40.3750,  20.7155,
          5.5805,   4.6516,  15.6908,   6.3871,  15.3361,  58.4644,  27.1744,
         78.7380,  16.8591,  56.6471,  61.6776,  13.9207,  38.4198,  88.7677,
         22.9045,   6.8042,   4.1382,   7.7172,   9.3602,   9.1178,  27.6595,
          4.9846,   4.8445,  53.2587,  16.2972,  46.8884,   7.0374,  21.5543,
          8.0938,   5.4449,  19.4065,  22.2160,  13.2836,   5.5269,  25.8026,
         18.1508,   2.8359,   6.3178,  22.1620,   1.1485,   5.3528,  78.7212,
         21.6937,  58.7785, 141.4521,  37.4224,  78.3339,  21.3994,  12.0447,
          8.2548,  16.5033,   7.1239,  11.1877,  81.1621,  71.0312,   3.9357,
          6.0527,  68.9452,  12.5763,  19.1933,   1.5651,  43.3857,  20.3263,
         13.0959,  76.8298,   8.0988,  79.4789,   3.1116,  15.2148,  56.0264,
         20.3645,  48.1707,  28.4557,  17.6905,  11.3596,  37.0925,  32.9063,
         26.0057,   2.4551,  13.7508,   4.3226,  27.0290,  21.4142,  10.7735,
         42.1206,  63.5874,   5.3018,  12.8814,  17.7405,  39.4162,  16.2877,
         21.6701,  19.8539,  46.8571,  13.5658,  17.3330,  28.9476,  10.2745,
         28.6525,  16.1058,  17.9229,  19.1425,   7.5093,  42.8337,  47.3209,
         14.7719,  11.9896,  16.5985,  34.4235,  17.9322,  27.1095,  33.3885,
         58.6770,   7.1591,   8.5142,  76.8018], device='cuda:0')), ('fc.predict.3.running_var', tensor([2297.3650, 5770.4824, 1793.6377,  375.1606, 4184.2690, 1349.0923,
         416.7359, 7555.8398, 7303.2529,  559.2344, 3832.3127,  871.7465,
        3876.6646,  458.6089,  993.0133,  910.4297, 2058.3818, 1953.6573,
        1749.1241, 1271.2604,  729.0316,  424.0819, 3038.9629,  660.4389,
        2347.6147,  657.9011,  727.8365,  749.0610, 2920.9548,  827.0051,
         662.2523,  727.0590,  874.2007, 1597.0039,  390.7212, 1107.7493,
        1267.1466, 1283.7147,  719.0988,  409.1015,  875.0859,  895.0379,
         688.8953, 1410.5709,  917.0337,  482.0369,  324.2166, 5791.1890,
        3552.1965, 1342.1090, 1209.9833, 1649.3090,  338.0522, 1129.9160,
        1854.1736, 5590.5923, 1139.5963,  579.9268,  500.7095,  891.4869,
         400.0068, 4663.5537, 1458.7969, 4829.9570,  194.5526, 2020.4081,
        1914.9033,  975.2747,  680.6022,  971.1819, 4600.2051, 2109.6628,
        4854.9106, 1453.0914, 1168.0475,  848.7448, 3305.1331, 7430.6782,
        1645.7855,  560.2407,  849.1796,  637.2074, 1121.7960,  792.7740,
        1661.6281, 1841.1829, 1131.0088, 2105.9419, 1731.0608, 1297.0410,
        1307.5480, 2378.8755, 1129.3328, 1506.6235, 1731.0427, 3169.5801,
        1064.3206,  100.6264,  826.6665,  366.1333, 1501.7275, 1656.3472,
        2367.8770, 1487.7844,  375.6772, 1086.1254, 2904.7524, 1799.0839,
        1026.0995, 1140.5984, 1101.7936,  430.6790,  910.7141, 2899.8081,
         386.1770, 1131.6412, 3043.9160,  501.9756,  874.1572, 7607.1987,
        1108.5217,  651.6644, 2994.0608,  674.5843,  417.1964,  868.5707,
        1591.0291, 1275.7042,  371.3969,  756.5051, 1022.4520, 3424.8914,
         415.3712, 4058.5371, 5457.1714, 2196.6633, 6864.6680,  721.8145,
        3363.7739, 1712.5010,  585.9754,  398.5036, 1045.0555,  500.6229,
        1177.1515, 4864.4863, 1990.1921, 6171.8486, 1328.3104, 4378.9004,
        5947.7383, 1101.6927, 2976.8167, 6279.7651, 1581.6816,  667.4159,
         385.8226,  644.4268,  975.3772,  919.9001, 2044.1628,  387.4126,
         372.6510, 4109.9868, 2270.8181, 3904.8909,  581.5935, 1741.0305,
         825.9819,  537.6846, 1587.1910, 2150.4998,  875.9447,  397.1761,
        1822.3988, 1255.9998,  300.2518,  605.7382, 2019.7211,  178.9650,
         628.6318, 5244.4634, 1802.5813, 4850.8940, 8826.6104, 2490.0723,
        4835.5928, 1590.0564, 1141.3599,  698.2854, 1187.0105,  550.9662,
         915.2068, 5888.3062, 5272.6279,  352.5807,  610.1780, 5205.4087,
        1067.8232, 1636.5652,  180.6149, 3319.5981, 2114.3198, 1137.9865,
        6202.9292,  718.7399, 6274.5371,  280.1430, 1174.5760, 3872.5767,
        1836.4866, 3718.8550, 2977.0598, 1724.4194,  899.4598, 2961.8999,
        2024.0974, 2291.0237,  265.7587,  889.9224,  465.9241, 2201.4097,
        1691.4351,  923.3017, 3747.9778, 5336.9980,  650.5086,  990.6254,
        1480.2097, 3133.9246, 1275.4656, 1777.8300, 1658.4834, 3609.8127,
        1075.3616, 1617.5793, 2263.2871, 1064.5358, 2301.0564, 1271.4055,
        1450.1119, 1431.0872,  676.8612, 3587.2327, 3577.8970, 1151.4314,
        1051.0386, 1429.2347, 2362.6707, 1714.1364, 2377.6284, 2587.4146,
        4605.7046,  591.4807,  604.3611, 5927.7910], device='cuda:0')), ('fc.predict.3.num_batches_tracked', tensor(20438, device='cuda:0')), ('fc.predict.4.weight', tensor([[ 0.0335, -0.0430, -0.0624,  ...,  0.0287,  0.0615, -0.0798],
        [ 0.0461, -0.0810, -0.1271,  ...,  0.0555, -0.0118,  0.0220],
        [-0.1988,  0.0615, -0.0140,  ...,  0.1400, -0.0274,  0.1162],
        ...,
        [ 0.0472, -0.0429, -0.0165,  ..., -0.0126,  0.1272,  0.1626],
        [-0.1112,  0.0036,  0.1144,  ..., -0.1006,  0.0724, -0.0780],
        [-0.1210, -0.1475, -0.0829,  ..., -0.1400,  0.0279, -0.0038]],
       device='cuda:0')), ('fc.predict.4.bias', tensor([-0.1803, -0.0607, -0.1428, -0.0802, -0.0218, -0.0428, -0.1172, -0.0639,
        -0.0519, -0.0548, -0.0517, -0.0606, -0.0677, -0.1745, -0.1173, -0.0804,
        -0.0554, -0.1077, -0.0570, -0.0649, -0.1179,  0.0145, -0.0858, -0.0728,
        -0.1583, -0.1077, -0.1170, -0.0436, -0.0222, -0.0363, -0.0563, -0.1358,
        -0.0406, -0.2517, -0.0388, -0.0437, -0.2072, -0.0724, -0.1220, -0.1275,
        -0.1251, -0.0957, -0.1529, -0.0712, -0.1503, -0.1058, -0.0452, -0.0152,
        -0.1202,  0.0015, -0.0884, -0.0804, -0.2509, -0.1209, -0.0936, -0.1247,
        -0.0753, -0.1442, -0.0858, -0.1047, -0.0448, -0.0900, -0.0716, -0.0809,
         0.0112, -0.0472, -0.1493, -0.0992, -0.0873, -0.0686, -0.1276, -0.0052,
        -0.0073, -0.1515, -0.0472, -0.0376, -0.0008, -0.0776, -0.0312, -0.2015,
        -0.0143, -0.1398, -0.0561, -0.0548, -0.0757, -0.0427,  0.0233, -0.1757,
        -0.2113, -0.0199, -0.2229, -0.1106, -0.1456, -0.0051, -0.0240, -0.1100,
        -0.1149, -0.0684, -0.0751, -0.0833, -0.0362, -0.2651, -0.0283, -0.0443,
        -0.1144, -0.1299, -0.1201, -0.0797, -0.0644, -0.1592, -0.1124, -0.0920,
        -0.0760, -0.0209, -0.0495, -0.1227, -0.0045, -0.0920, -0.0751, -0.1211,
         0.0220, -0.2484, -0.1341, -0.1062, -0.1803, -0.0384,  0.0029, -0.0867,
        -0.1106, -0.1258,  0.0004, -0.1136, -0.1619, -0.1577, -0.1597, -0.0956,
        -0.0870, -0.1362, -0.0675, -0.1077, -0.1302, -0.0139, -0.1216, -0.0941,
        -0.1268, -0.0466, -0.0940, -0.0604, -0.1151, -0.1186, -0.0850, -0.0595,
        -0.1314, -0.0835, -0.0486, -0.1116, -0.1348, -0.1289, -0.0188, -0.1021,
        -0.0339, -0.1506, -0.0561, -0.0673, -0.0964, -0.0141, -0.0637, -0.0711,
         0.0014, -0.1017, -0.0326, -0.0750, -0.0129, -0.1151, -0.0521, -0.0807,
        -0.0589, -0.0950, -0.0396, -0.2390, -0.0966, -0.0709, -0.1009, -0.0870,
        -0.0244, -0.1201, -0.0563, -0.0608, -0.0305, -0.1350, -0.0219, -0.1246,
        -0.1011, -0.1416, -0.0309, -0.2163, -0.0917, -0.0669, -0.1219, -0.1205,
        -0.1225, -0.0552, -0.1143, -0.0977, -0.0765, -0.0995, -0.1595, -0.0638,
        -0.0619, -0.0656, -0.1362, -0.0018, -0.1093, -0.0965, -0.1051, -0.1294,
        -0.1292, -0.0762, -0.0901, -0.1812, -0.0440, -0.0325, -0.1357, -0.0951,
        -0.1162, -0.0797, -0.0872, -0.1688, -0.0866, -0.1785, -0.1380, -0.0512,
        -0.0918, -0.1248, -0.1565, -0.0149, -0.0189, -0.0891, -0.0387, -0.0145,
        -0.0974, -0.0873,  0.0161, -0.1065, -0.0198, -0.1593, -0.0073, -0.0861,
         0.0256, -0.0717, -0.0221, -0.1041, -0.0151, -0.0777, -0.1178, -0.0736],
       device='cuda:0')), ('fc.predict.7.weight', tensor([0.7978, 0.7522, 0.8227, 0.8755, 0.7565, 0.7822, 0.7618, 0.8695, 0.7534,
        0.8919, 0.9430, 0.7961, 0.8871, 0.9232, 0.7873, 0.8198, 0.8254, 0.8103,
        0.7710, 0.9032, 0.9505, 0.9181, 0.8620, 0.7384, 0.8420, 0.7280, 0.8983,
        0.7860, 0.8729, 0.8967, 0.7938, 0.9488, 0.8553, 0.8061, 0.8774, 0.9355,
        0.8259, 0.8717, 0.8808, 0.7737, 0.8751, 0.8794, 0.7994, 0.9200, 0.9672,
        0.8058, 0.8895, 0.8540, 0.8493, 0.8351, 0.9250, 0.9430, 0.8681, 0.8577,
        0.7657, 0.8582, 0.7544, 0.8453, 0.8171, 0.9211, 0.8555, 0.9489, 0.8804,
        0.8394, 0.8509, 0.8079, 0.9265, 0.8575, 0.9164, 0.9206, 0.8338, 0.8144,
        0.8305, 0.8510, 0.8228, 0.8376, 0.7953, 0.8818, 0.7944, 0.8811, 0.8778,
        0.7891, 0.9229, 0.7879, 0.8010, 0.8767, 0.7731, 0.8801, 0.8960, 0.9113,
        0.8268, 0.8711, 0.7765, 0.8239, 0.8470, 0.8948, 0.7749, 0.8957, 0.8522,
        0.9618, 0.8238, 0.8708, 0.8425, 0.9444, 0.7132, 0.8358, 0.8071, 0.8421,
        0.9093, 0.8959, 0.8313, 0.9112, 0.8455, 0.8629, 0.7773, 0.8689, 0.8112,
        0.8930, 0.8490, 0.8800, 0.8566, 0.8344, 0.8585, 0.9063, 0.7735, 0.8270,
        0.8807, 0.8176, 0.8325, 0.8519, 0.8539, 0.9232, 0.9319, 0.8791, 0.8293,
        0.8271, 0.8858, 0.9176, 0.7902, 0.8320, 0.8556, 0.9037, 0.9440, 0.8539,
        0.8197, 0.7873, 0.8724, 0.8159, 0.7870, 0.8406, 0.8801, 0.9135, 0.8260,
        0.8045, 0.8584, 0.8922, 0.8145, 0.8395, 0.8990, 0.8138, 0.8250, 0.9205,
        0.8234, 0.8908, 0.8771, 0.8324, 0.8421, 0.9001, 0.8065, 0.7641, 0.8390,
        0.8457, 0.9319, 0.8379, 0.8590, 0.8817, 0.8480, 0.8500, 0.9042, 0.8242,
        0.8748, 0.7751, 0.8320, 0.8080, 0.8260, 0.8260, 0.8253, 0.7865, 0.8949,
        0.8284, 0.9482, 0.8900, 0.9373, 0.8822, 0.7411, 0.7650, 0.8058, 0.8529,
        0.7978, 0.8579, 0.8719, 0.8347, 0.8059, 0.8857, 0.8673, 0.9137, 0.8341,
        0.8732, 0.8983, 0.8672, 0.9475, 0.7926, 0.8741, 0.7483, 0.9083, 0.8618,
        0.8031, 0.8556, 0.7011, 0.8784, 0.8045, 0.8434, 0.8006, 0.8335, 0.8729,
        0.8523, 0.8055, 0.8996, 0.8470, 0.8596, 0.8293, 0.8939, 0.8893, 0.7902,
        0.7628, 0.9006, 0.8176, 0.7767, 0.8764, 0.8277, 0.9494, 0.8866, 0.8448,
        0.8664, 0.9587, 0.8234, 0.8233, 0.8324, 0.7766, 0.8388, 0.7747, 0.7956,
        0.8524, 0.8961, 0.8247, 0.7603], device='cuda:0')), ('fc.predict.7.bias', tensor([ 5.8565e-02,  1.5813e-01, -8.2745e-02,  2.0246e-01,  3.3310e-02,
        -1.9358e-02, -3.2254e-01,  2.5273e-02,  9.4869e-02,  1.2641e-01,
         4.7374e-02, -1.8485e-01,  6.1769e-02,  1.8283e-01, -3.4958e-01,
        -1.5630e-01, -2.0677e-01, -4.1809e-02,  5.8310e-02, -3.5261e-02,
         1.7920e-01,  2.6452e-02,  2.3816e-02,  1.6002e-01,  4.0038e-01,
        -3.4295e-01,  7.9588e-02, -3.5012e-02,  2.0186e-01, -3.7943e-02,
         4.2175e-02, -9.4786e-04,  1.1678e-01, -3.7539e-01,  2.1888e-01,
         1.6365e-01,  1.0027e-01, -1.5122e-01, -5.4593e-02, -1.9709e-01,
         1.5354e-01,  1.4322e-01,  8.9848e-02, -2.0557e-01,  1.8931e-02,
         2.1859e-01,  1.1970e-01,  7.5607e-03, -5.3000e-02,  9.2099e-02,
         1.8688e-01, -6.4796e-02, -1.6442e-01, -7.4823e-02,  9.9179e-03,
        -9.3392e-03,  1.4939e-01,  1.6235e-03,  1.0135e-01,  3.1306e-01,
         1.6220e-01,  1.4965e-01,  8.5098e-02,  1.7388e-01,  4.5627e-02,
         1.6734e-01,  1.6468e-01,  4.3168e-02,  1.4967e-01,  9.5415e-03,
         2.1400e-01,  1.1315e-01,  3.0913e-01, -7.7789e-03,  1.4781e-01,
         1.2750e-01,  2.1679e-01, -6.3030e-02, -1.1233e-01, -1.3753e-01,
         7.5123e-02, -1.0890e-01,  1.2261e-01, -2.0040e-01, -2.7828e-01,
         1.1543e-01,  8.8496e-02,  1.1437e-01,  1.3854e-01,  2.0553e-01,
        -1.5262e-01,  1.6604e-01, -2.0209e-01,  1.9713e-01,  2.3346e-02,
         1.2825e-01,  1.0040e-01,  2.6942e-01,  1.7273e-01, -9.8725e-02,
        -5.2646e-02, -6.6763e-02,  7.4476e-02,  9.6609e-02, -6.7812e-02,
         1.4792e-01, -8.7232e-02,  1.8004e-01,  1.0850e-01, -4.4359e-02,
        -5.7054e-02,  3.0025e-01, -1.5851e-01,  3.1849e-02,  1.9363e-01,
         1.1752e-01,  5.4979e-02,  2.2887e-01,  1.3436e-01,  1.8696e-01,
         6.4727e-03, -2.4089e-02,  2.4199e-01,  1.5629e-01,  9.8407e-03,
         2.0177e-01,  1.2729e-01, -2.7188e-02, -8.9689e-02, -1.0823e-01,
         4.2182e-01,  2.9598e-01, -1.0933e-01, -1.2191e-01,  2.4725e-01,
        -2.0072e-01,  2.5943e-02,  1.8092e-01,  1.2144e-01, -1.4263e-01,
        -3.0751e-02, -4.1020e-02,  1.6784e-01,  3.9395e-01, -9.9139e-02,
         1.1076e-01,  2.3995e-01, -1.3234e-01, -3.8886e-01, -1.7948e-01,
         3.3516e-02,  4.2833e-01,  1.3562e-01,  1.5532e-02,  8.3114e-02,
         2.0032e-01,  2.6368e-01,  1.4443e-01,  5.9574e-02,  2.3039e-01,
         6.8130e-02,  1.5035e-01,  1.3448e-01,  1.8883e-01,  3.2661e-04,
         2.8278e-01,  1.7489e-01,  1.8474e-01,  1.1974e-01,  1.0247e-01,
         3.3433e-02,  2.6860e-01,  1.0448e-01, -5.1362e-02, -1.7244e-02,
         2.4022e-01,  1.8241e-01, -6.3233e-02,  1.6956e-01,  9.9062e-02,
        -3.7053e-02,  1.2957e-01,  8.8003e-02, -1.9210e-01,  7.9826e-03,
         7.8794e-02,  4.1155e-02,  1.0058e-01,  4.3493e-02,  4.3629e-02,
         1.7395e-01, -4.3495e-02,  1.0517e-01,  1.3886e-01,  2.4831e-01,
        -1.9677e-01, -1.7993e-01, -1.0972e-02,  2.1967e-01,  5.0250e-02,
         6.9385e-02,  1.3688e-01,  3.1330e-03,  1.2560e-01,  1.5924e-01,
         1.9550e-01,  5.8173e-04,  1.7893e-01, -5.0516e-02, -1.3751e-01,
         1.5012e-01,  1.6160e-01, -6.2503e-02,  8.9462e-02,  3.2510e-02,
         1.7307e-02, -1.7339e-02,  1.9072e-01, -1.9381e-01,  3.0441e-01,
         1.7694e-02,  2.0441e-01,  5.4020e-02, -2.0646e-01,  7.2676e-02,
         3.8935e-02,  1.7828e-01,  2.5485e-02,  2.1171e-01, -1.3948e-01,
        -1.2070e-01,  3.3609e-01, -5.4657e-02,  3.8331e-02, -1.9885e-01,
         2.4182e-01,  1.3998e-01,  1.2740e-01, -1.0776e-01,  1.6134e-01,
         7.4133e-02,  1.6541e-01,  2.7634e-01,  1.6125e-02,  2.4799e-01,
        -1.0646e-01,  9.2827e-02, -2.0468e-02,  1.5149e-01, -6.1828e-02,
         2.7688e-02, -8.6273e-02,  1.5271e-02,  4.1296e-02, -1.3856e-01,
        -6.1678e-02], device='cuda:0')), ('fc.predict.7.running_mean', tensor([0.4048, 0.5064, 0.4477, 0.5343, 0.4387, 0.5672, 0.4931, 0.5634, 0.6891,
        0.5896, 0.5469, 0.4063, 0.4714, 0.4450, 0.3173, 0.3846, 0.6491, 0.4579,
        0.4832, 0.4283, 0.4556, 0.6733, 0.4136, 0.4037, 0.5774, 0.4869, 0.3640,
        0.3962, 0.8035, 0.4361, 0.5746, 0.4763, 0.4771, 0.2439, 0.6082, 0.6712,
        0.4788, 0.4772, 0.4202, 0.3034, 0.5352, 0.5011, 0.5621, 0.4942, 0.3862,
        0.5268, 0.5418, 0.5705, 0.5163, 0.6336, 0.6233, 0.3752, 0.1843, 0.3594,
        0.4309, 0.4603, 0.6701, 0.3430, 0.4797, 0.5089, 0.5224, 0.5484, 0.5276,
        0.5783, 0.5403, 0.4483, 0.4672, 0.5613, 0.4246, 0.4874, 0.3829, 0.8205,
        0.7571, 0.3764, 0.6828, 0.4633, 0.6278, 0.2456, 0.8227, 0.3172, 0.6430,
        0.2050, 0.3577, 0.5038, 0.3917, 0.4467, 0.6348, 0.5747, 0.2232, 0.5012,
        0.2240, 0.5662, 0.4605, 0.5391, 0.6024, 0.6585, 0.2733, 0.4420, 0.4253,
        0.5367, 0.5138, 0.2582, 0.4607, 0.5667, 0.3512, 0.3626, 0.4941, 0.3254,
        0.4332, 0.2563, 0.4274, 0.4083, 0.3857, 0.6255, 0.4139, 0.4989, 0.6310,
        0.4893, 0.3627, 0.4399, 0.4619, 0.3313, 0.4321, 0.4614, 0.3982, 0.6630,
        0.5180, 0.5283, 0.2899, 0.2864, 0.6654, 0.3624, 0.3819, 0.7192, 0.3781,
        0.5173, 0.5686, 0.4832, 0.3704, 0.5178, 0.5126, 0.4724, 0.4073, 0.4985,
        0.4934, 0.7576, 0.4064, 0.4703, 0.3946, 0.4235, 0.6532, 0.6566, 0.2805,
        0.5806, 0.4656, 0.4308, 0.2574, 0.3717, 0.3727, 0.4252, 0.5020, 0.4753,
        0.6024, 0.6388, 0.3640, 0.5127, 0.5501, 0.3873, 0.4797, 0.4906, 0.5499,
        0.4065, 0.4737, 0.3853, 0.5321, 0.6347, 0.5785, 0.3892, 0.3918, 0.4496,
        0.5849, 0.6884, 0.4302, 0.3543, 0.3349, 0.5719, 0.5747, 0.6437, 0.4844,
        0.6443, 0.5231, 0.4477, 0.3825, 0.5848, 0.7801, 0.4031, 0.3285, 0.6431,
        0.4177, 0.4708, 0.3486, 0.4748, 0.5012, 0.6601, 0.4904, 0.4992, 0.3415,
        0.4671, 0.4852, 0.4737, 0.4793, 0.5612, 0.4992, 0.3064, 0.4658, 0.4214,
        0.4566, 0.3917, 0.4691, 0.5090, 0.5849, 0.5567, 0.5430, 0.5860, 0.4389,
        0.4600, 0.5330, 0.4174, 0.5434, 0.3757, 0.7221, 0.4221, 0.3599, 0.5095,
        0.4071, 0.5926, 0.5648, 0.4927, 0.5488, 0.5404, 0.3643, 0.4479, 0.5391,
        0.6282, 0.7884, 0.5335, 0.6604, 0.5867, 0.6715, 0.5151, 0.5240, 0.4044,
        0.5509, 0.4610, 0.4705, 0.4790], device='cuda:0')), ('fc.predict.7.running_var', tensor([0.8562, 0.9665, 0.8107, 1.2068, 0.7723, 0.8776, 1.0080, 0.9324, 1.0520,
        1.1169, 1.2840, 0.5857, 0.8294, 0.9625, 0.5398, 0.5949, 1.2293, 0.7193,
        0.7373, 0.7816, 0.6706, 1.1805, 0.6703, 0.6594, 1.2189, 0.8210, 0.7208,
        0.5744, 1.6736, 0.7966, 1.1484, 0.9436, 0.7303, 0.3520, 1.1675, 1.4124,
        0.9462, 0.9273, 0.8544, 0.4851, 1.0624, 1.1287, 1.1333, 0.7363, 0.7347,
        1.0317, 0.9753, 0.8963, 0.9131, 1.2523, 1.0940, 0.6860, 0.2844, 0.5818,
        0.7920, 0.7820, 1.1458, 0.5517, 0.8677, 1.0807, 0.8219, 1.2666, 0.8944,
        1.1071, 0.9607, 0.7111, 1.0324, 1.0496, 0.8558, 0.9932, 0.6751, 1.4577,
        1.3985, 0.5943, 1.3824, 0.8682, 1.0960, 0.3863, 1.5419, 0.5732, 1.2594,
        0.3384, 0.4982, 0.8614, 0.7346, 0.7732, 0.9905, 1.0609, 0.3526, 0.8323,
        0.4793, 1.1105, 0.9724, 0.9427, 1.1367, 1.4665, 0.4650, 0.7556, 0.6396,
        1.0629, 0.9041, 0.4128, 0.8502, 1.1928, 0.6696, 0.7092, 0.8220, 0.5242,
        0.8843, 0.4390, 0.8490, 0.8777, 0.6335, 1.3315, 0.6011, 0.9544, 1.1216,
        0.8235, 0.6359, 0.7380, 0.7825, 0.4868, 0.7631, 0.8755, 0.7001, 1.2414,
        0.7556, 0.9246, 0.4980, 0.5203, 1.1969, 0.5996, 0.6811, 1.9454, 0.7148,
        1.0332, 1.1003, 0.9616, 0.5130, 0.8230, 1.0012, 0.7587, 0.8758, 0.8047,
        0.8659, 1.2584, 0.7997, 0.8108, 0.6459, 0.7954, 1.4836, 1.3305, 0.4122,
        1.1890, 0.8631, 0.8009, 0.3719, 0.6448, 0.6146, 0.6234, 0.9403, 0.8034,
        1.1237, 1.1913, 0.6018, 0.9908, 0.8392, 0.6849, 0.8820, 0.8104, 0.8943,
        0.5308, 0.9862, 0.6486, 0.7370, 1.4528, 1.1013, 0.5813, 0.6432, 0.8756,
        1.1468, 1.3017, 0.7063, 0.6105, 0.5641, 0.9690, 1.0566, 0.9877, 0.8189,
        1.3286, 1.0300, 0.7730, 0.6736, 1.1148, 1.3934, 0.7233, 0.5553, 1.1557,
        0.7942, 0.8563, 0.6376, 0.7199, 0.9163, 1.2328, 0.8479, 0.8857, 0.6859,
        0.9471, 0.8787, 0.8158, 1.1404, 0.7883, 0.7791, 0.4669, 0.9413, 0.7194,
        0.7433, 0.5441, 0.8255, 1.2940, 0.9923, 0.9475, 0.8707, 1.2713, 0.7399,
        0.8529, 0.8589, 0.8896, 1.1168, 0.7091, 1.3473, 0.7522, 0.6858, 0.9460,
        0.7824, 1.1880, 1.0148, 0.8648, 1.0214, 0.9323, 0.6753, 0.9180, 0.9763,
        1.0714, 1.6974, 0.8299, 0.9597, 1.1059, 1.3745, 0.9733, 0.7634, 0.7255,
        0.8289, 0.9201, 0.8920, 0.6272], device='cuda:0')), ('fc.predict.7.num_batches_tracked', tensor(20438, device='cuda:0')), ('fc.predict.8.weight', tensor([[-0.1459, -0.1494, -0.0604,  ..., -0.0810, -0.0612, -0.0480],
        [-0.0502, -0.0110,  0.0571,  ..., -0.0680,  0.0498, -0.0457],
        [ 0.0125,  0.0472,  0.0356,  ...,  0.0219,  0.0103,  0.0843],
        ...,
        [-0.1040, -0.0552,  0.0045,  ..., -0.1635, -0.0195, -0.0161],
        [-0.0428,  0.0749, -0.0601,  ...,  0.0093,  0.0836, -0.0254],
        [ 0.1788,  0.0528, -0.0217,  ...,  0.0724,  0.1896, -0.0377]],
       device='cuda:0')), ('fc.predict.8.bias', tensor([-1.2479e-01, -1.4090e-01, -1.6558e-01, -5.9794e-02, -8.3928e-02,
        -1.9374e-01, -5.4025e-02, -1.2800e-01, -1.5304e-01, -8.1636e-02,
        -6.2010e-02, -4.0147e-02, -1.5572e-01, -1.3675e-01, -1.4391e-01,
        -1.0110e-01, -1.4946e-01, -1.3447e-01, -6.4509e-02, -7.5216e-02,
        -1.4069e-01, -2.7532e-01, -1.2999e-01, -9.1201e-03, -2.2254e-01,
        -1.3578e-01, -1.9554e-01, -2.4036e-01, -6.2448e-02, -1.8285e-01,
        -9.2773e-02, -1.5209e-01, -4.6166e-02, -1.7221e-01, -1.1503e-01,
        -1.0094e-02, -1.0625e-01, -1.5112e-01, -1.4955e-01, -1.9905e-01,
        -1.6812e-01, -2.1318e-02, -1.7001e-04, -8.8438e-02, -7.2163e-03,
        -2.5268e-02, -5.2498e-02, -1.4889e-02, -9.2673e-02, -3.0583e-02,
        -9.7676e-03,  1.4628e-02, -9.6865e-02,  6.5437e-04, -1.0163e-01,
         1.2268e-03, -2.1272e-01, -9.2167e-02, -7.5042e-02, -1.1382e-01,
        -9.9436e-02, -1.1894e-01, -1.1347e-01,  1.7469e-02, -1.0032e-01,
         4.9277e-03, -1.9698e-02, -1.7311e-01, -3.3696e-02, -7.0995e-02,
        -1.1277e-01, -1.1585e-01, -3.2676e-03, -1.8582e-01, -8.0763e-02,
        -1.1318e-01, -8.4717e-02, -1.3150e-01, -1.1675e-01, -1.6882e-01,
        -1.5109e-01, -1.5633e-01, -6.2554e-02, -4.9621e-02, -1.2250e-01,
         2.6359e-02, -3.8029e-02, -2.7979e-02, -2.3170e-02, -2.1474e-01,
        -1.7253e-01, -9.7445e-02, -1.8680e-02, -8.9305e-02, -1.3924e-01,
        -2.4879e-01, -9.6010e-02, -3.0134e-02, -1.0543e-01, -2.2267e-01,
        -1.0539e-01, -2.4240e-02, -1.3761e-01, -1.4790e-01, -1.0835e-01,
        -6.3236e-02, -1.1963e-01, -9.5777e-02, -1.1444e-01, -5.0119e-02,
        -1.2124e-01, -1.2277e-01,  2.7950e-02, -1.0537e-01, -5.9505e-02,
        -1.1552e-01, -7.9426e-10, -5.3046e-02, -7.1461e-02, -6.6282e-02,
        -2.2075e-01, -5.3327e-02, -2.0204e-01, -7.0196e-02, -7.3077e-02,
        -1.7479e-01, -7.3763e-02, -1.2246e-01, -1.7463e-01, -1.0799e-01,
        -2.5895e-02, -1.8916e-01, -8.9816e-02, -1.6957e-02, -7.5525e-02,
        -1.0633e-01, -1.5059e-01, -1.6185e-01, -1.1289e-01, -9.9077e-02,
        -2.1073e-02, -1.7858e-01, -7.9910e-02, -1.0841e-01, -4.7972e-03,
        -2.4173e-01, -1.5388e-01, -1.2350e-01, -8.5614e-02, -9.6907e-02,
        -1.8963e-02,  1.8818e-03, -1.3457e-01, -1.0180e-01, -1.6076e-01,
        -5.2237e-02, -8.9912e-02, -6.0780e-02, -7.5449e-02, -7.5890e-02,
        -5.7586e-02, -1.4069e-01, -1.5607e-01, -8.3250e-02, -9.0409e-02,
        -1.3528e-01, -1.1039e-01, -1.4936e-01, -1.2972e-01, -2.4242e-02,
        -6.7567e-02, -7.2968e-02, -8.6192e-02, -5.9849e-02, -1.4958e-01,
        -1.3213e-01,  8.0467e-03, -6.8853e-02, -9.5618e-02, -1.1139e-01,
        -1.0016e-02, -1.1454e-01, -8.0818e-02, -5.6402e-02, -1.5070e-01,
        -5.3280e-02, -1.8310e-01, -4.0692e-02, -1.8010e-01, -8.8337e-02,
        -1.3326e-01, -1.2160e-02, -8.9883e-02, -1.1928e-01, -9.0616e-02,
        -2.8749e-02, -1.1106e-01, -1.3803e-01, -1.5298e-01,  3.1387e-05,
        -3.1066e-02, -8.2362e-02, -5.2421e-02, -4.7063e-02, -8.9907e-02,
        -8.3861e-02, -3.4075e-02, -9.3217e-02, -1.8283e-01, -3.7276e-02,
        -2.0501e-01, -1.2684e-01, -4.3261e-02, -9.0132e-02, -9.8473e-02,
        -4.7112e-02, -9.3801e-02, -2.0120e-01, -8.4968e-02, -1.8372e-01,
        -1.1076e-01,  4.4172e-02, -8.5975e-02, -2.8900e-02, -7.3923e-02,
        -9.6783e-02, -5.2146e-02, -1.4642e-01, -9.4927e-02, -1.6943e-01,
        -4.0254e-02, -4.6815e-02, -3.6297e-02, -1.1311e-01,  1.9481e-02,
        -7.6555e-02, -6.9011e-02, -2.9808e-02, -7.7843e-02, -1.1480e-01,
        -1.8065e-01,  2.9373e-02, -4.0632e-02, -1.5453e-01, -1.4515e-01,
        -9.9596e-02, -6.3561e-02, -2.3097e-01, -3.7216e-02, -1.9842e-01,
         8.3709e-03, -1.1293e-01, -1.1875e-02, -1.1031e-01, -6.6213e-02,
        -1.1390e-01], device='cuda:0')), ('fc.predict.11.weight', tensor([3.7647e-01, 4.6885e-01, 6.3431e-01, 3.0909e-01, 6.4082e-01, 3.3234e-01,
        5.5903e-01, 1.0363e+00, 2.4282e-01, 4.6078e-01, 3.5375e-01, 9.0568e-01,
        3.3539e-01, 5.4885e-01, 2.8403e-01, 6.8075e-01, 6.1914e-01, 3.2809e-01,
        6.0069e-01, 6.9469e-01, 1.8164e-01, 2.9410e-01, 4.4548e-01, 5.8559e-01,
        3.7872e-01, 6.4199e-01, 3.3260e-01, 4.5915e-01, 6.5745e-01, 7.5389e-01,
        6.4539e-01, 6.3794e-01, 3.1379e-01, 6.2481e-01, 6.3474e-01, 6.1128e-01,
        4.2138e-01, 5.4167e-01, 3.7193e-01, 2.2243e-01, 5.0583e-01, 5.9757e-01,
        4.9057e-01, 6.2778e-01, 5.8086e-01, 5.2447e-01, 4.3027e-01, 6.9478e-01,
        4.4512e-01, 2.6133e-01, 4.7786e-01, 1.4161e-01, 6.2407e-01, 6.7313e-01,
        5.2770e-01, 6.2938e-01, 6.2535e-01, 7.2800e-01, 7.8954e-01, 8.2029e-01,
        4.2148e-01, 6.7746e-01, 4.8176e-01, 2.5396e-01, 1.8645e-01, 6.5265e-01,
        6.3693e-01, 5.3279e-01, 7.6585e-01, 5.0739e-01, 4.3676e-01, 5.8019e-01,
        6.6089e-01, 3.1413e-01, 4.2362e-01, 4.1378e-01, 5.6774e-01, 1.7680e-01,
        3.5791e-01, 7.1377e-01, 1.7928e-01, 5.0479e-01, 5.3752e-01, 7.8000e-01,
        7.0847e-01, 4.5592e-01, 6.9583e-01, 5.8886e-01, 7.5305e-01, 3.3233e-01,
        1.7933e-01, 3.9752e-01, 7.4933e-01, 5.6900e-01, 7.1394e-01, 4.6267e-01,
        7.0861e-01, 2.6573e-01, 5.2853e-01, 2.6760e-01, 7.6950e-01, 4.6460e-01,
        8.1163e-01, 5.4166e-01, 4.1917e-01, 5.0428e-01, 5.6908e-01, 7.0480e-01,
        2.9815e-01, 5.5209e-01, 5.3728e-01, 6.4013e-01, 6.4386e-01, 6.2563e-01,
        5.1333e-01, 4.7496e-01, 1.7053e-06, 4.0001e-01, 4.4403e-01, 6.3103e-01,
        4.1681e-01, 5.2223e-01, 8.0693e-01, 5.9680e-01, 5.8934e-01, 8.9140e-01,
        7.6072e-01, 7.1178e-01, 3.3383e-01, 5.0304e-01, 4.5894e-01, 5.1933e-01,
        1.5588e-01, 5.9780e-01, 4.7015e-01, 2.9859e-01, 2.8544e-01, 2.7679e-01,
        3.7508e-01, 4.9269e-01, 6.6176e-01, 1.5374e-01, 5.9202e-01, 5.9594e-01,
        4.9502e-01, 2.2405e-01, 5.0594e-01, 4.8501e-01, 5.1612e-01, 4.8617e-01,
        5.6333e-01, 7.4580e-01, 8.3000e-01, 2.5431e-01, 4.8985e-01, 3.2019e-01,
        3.9515e-01, 3.5492e-01, 3.0254e-01, 3.0125e-01, 5.3311e-01, 3.2437e-01,
        3.8409e-01, 6.3248e-01, 6.2027e-01, 4.4211e-01, 4.6138e-01, 2.1209e-01,
        1.8322e-01, 6.3655e-01, 8.3818e-01, 4.9714e-01, 4.1189e-01, 5.3013e-01,
        3.7139e-01, 6.1343e-01, 3.9501e-01, 2.8344e-01, 6.1041e-01, 3.5835e-01,
        6.1601e-01, 7.6899e-01, 5.4113e-01, 5.8421e-01, 6.5365e-01, 7.3542e-01,
        5.0424e-01, 5.5550e-01, 5.4050e-01, 5.0746e-01, 6.0399e-01, 2.0031e-01,
        5.2239e-01, 6.3734e-01, 4.4170e-01, 5.9638e-01, 5.9945e-01, 6.8232e-01,
        1.6197e-01, 7.8644e-03, 5.4795e-01, 4.3993e-01, 7.2787e-01, 5.8668e-01,
        6.2604e-01, 4.3294e-01, 3.2545e-01, 5.7742e-01, 4.5467e-01, 6.0598e-01,
        1.4844e-01, 3.9662e-01, 3.6238e-01, 5.0097e-01, 5.8240e-01, 4.8730e-01,
        2.4320e-01, 2.2196e-01, 7.1913e-01, 4.4354e-01, 3.0012e-01, 5.8783e-01,
        3.8349e-01, 7.2795e-01, 6.4338e-01, 3.2809e-01, 8.2809e-01, 2.7584e-01,
        5.6583e-01, 2.7740e-01, 6.7953e-01, 5.5943e-01, 2.6013e-01, 4.6039e-01,
        7.0974e-01, 7.7924e-01, 6.5302e-01, 5.6280e-01, 4.6420e-01, 2.2666e-01,
        6.3501e-01, 6.9144e-01, 4.3711e-01, 6.7321e-01, 6.4926e-01, 1.5209e-01,
        6.2466e-01, 6.1044e-01, 4.7841e-01, 9.5329e-01, 2.5430e-01, 6.2941e-01,
        4.2285e-01, 5.3709e-01, 3.7402e-01, 4.3108e-01], device='cuda:0')), ('fc.predict.11.bias', tensor([-4.5793e-01, -5.9780e-01,  1.8993e-01, -5.4190e-01, -5.8821e-02,
        -4.4857e-01,  2.2319e-01,  8.5255e-01, -4.4074e-01,  5.6470e-02,
        -4.9401e-01, -2.8636e-01,  4.3829e-01,  5.0438e-01, -5.9166e-01,
         1.9349e-01, -4.7087e-01, -4.6661e-01,  6.9455e-02, -3.2326e-01,
        -5.5455e-01,  5.1279e-01, -3.5524e-01, -2.6549e-01, -4.6836e-01,
        -2.3426e-01, -5.3195e-01, -4.8275e-01,  1.4144e-01,  5.3311e-01,
         1.1347e-01,  4.8552e-01, -6.5458e-01,  2.3130e-01, -3.3227e-01,
         1.6279e-01,  5.6119e-01,  2.7784e-01,  3.5877e-01, -4.2032e-01,
         5.1547e-01, -1.9229e-01,  7.4595e-02, -3.6981e-01, -2.6330e-01,
         4.9344e-01, -5.4898e-01, -2.6829e-01, -2.8180e-01, -5.6151e-01,
         4.0494e-01, -5.4644e-01,  4.6459e-01,  3.7880e-01,  7.4520e-02,
        -8.4693e-02, -4.6478e-01, -2.7720e-01,  2.5006e-01,  1.3916e-01,
        -3.6067e-01,  2.0551e-01,  4.0696e-01, -7.2633e-02, -3.9846e-01,
        -2.7335e-01,  1.2892e-01,  4.2067e-01, -1.1322e-01,  4.5039e-01,
        -4.1816e-01, -3.8476e-01,  8.5532e-02, -6.0153e-01, -5.9363e-01,
         4.7522e-01, -9.6837e-02, -4.6779e-01, -5.0683e-01,  3.2849e-01,
        -5.6681e-01,  5.3047e-01,  4.5450e-01, -2.7197e-01,  3.4623e-01,
        -5.0510e-01, -7.6943e-02, -2.7079e-01,  2.5226e-01, -4.3779e-01,
        -5.3078e-01,  3.3870e-01,  1.8775e-01,  2.3525e-01,  4.5824e-01,
         5.1340e-01, -1.6745e-01, -5.5128e-01, -3.1261e-01, -3.8547e-01,
        -1.3524e-01, -3.0289e-01, -3.9362e-01, -2.0487e-01,  4.8529e-01,
        -1.2229e-01, -4.8244e-01, -1.5090e-01, -6.0158e-01, -2.6994e-01,
        -3.6773e-01,  3.0379e-01,  2.8992e-01, -3.1475e-01,  5.4715e-01,
        -2.7729e-01,  3.9203e-08, -5.7594e-01,  1.4689e-01,  1.2489e-01,
         3.4558e-01,  2.4981e-01,  3.2030e-01,  1.0698e-01,  4.7082e-01,
         4.6863e-01,  2.9447e-01, -3.9099e-01,  4.2307e-01,  2.3612e-01,
        -3.7939e-02, -5.0543e-01, -5.4899e-01, -3.2008e-02, -1.2260e-01,
         4.4645e-01, -4.2148e-01,  4.8639e-01,  4.9529e-01,  3.3870e-01,
        -2.2664e-01, -7.1338e-01, -4.2980e-01,  2.6190e-01, -9.0637e-02,
        -5.9173e-01, -6.1641e-01, -4.6419e-01, -3.8047e-01,  4.1292e-01,
         3.3450e-01,  1.7090e-01,  4.4518e-01, -5.5253e-01,  4.3370e-01,
         4.0583e-02,  4.7380e-01, -6.6980e-01, -5.8501e-01,  5.6179e-01,
         4.1940e-01, -4.7889e-01,  3.7584e-01, -1.6803e-01, -3.1860e-01,
        -4.6280e-01, -4.8238e-01, -5.6271e-01, -5.9449e-01, -2.7579e-01,
         5.9379e-01, -2.3792e-01, -4.2088e-01, -2.8535e-01,  5.1621e-01,
         4.6842e-01,  1.0654e-01, -5.1437e-01, -5.4928e-01, -2.6632e-01,
         1.3182e-01,  1.0740e-01, -1.2044e-01,  3.4465e-02,  3.6876e-01,
        -1.4806e-01, -5.1386e-01, -3.0085e-01,  3.2826e-01,  3.5426e-01,
        -4.6570e-01,  2.3112e-02, -4.6894e-01,  3.6861e-01,  4.1713e-01,
        -2.3350e-01, -3.0034e-01, -2.9946e-01, -5.1309e-01,  2.3975e-03,
         4.2166e-02, -4.1750e-01,  1.9407e-01,  1.6952e-01,  3.0463e-01,
        -3.9122e-01,  8.0386e-02, -3.6434e-01, -3.1039e-01,  3.5033e-01,
        -5.5666e-01,  4.7657e-01, -4.9061e-01, -4.3110e-01, -2.8118e-01,
        -9.8690e-02, -4.1788e-01, -5.2434e-01, -3.6706e-01, -4.5831e-01,
        -5.5059e-01,  7.5494e-02,  4.9396e-01, -2.1159e-01,  1.8887e-01,
        -3.4958e-01, -5.9155e-02, -4.7068e-01, -5.7335e-01, -4.0405e-01,
         3.3980e-01, -3.5521e-01, -5.6169e-01, -4.7751e-01, -3.6103e-01,
        -2.2619e-01, -1.1889e-01,  7.1176e-02, -5.1735e-01, -5.5093e-01,
        -3.9185e-01,  8.0493e-02, -5.8954e-01, -2.8584e-01,  4.9835e-01,
        -5.7849e-01,  7.3776e-02, -4.4137e-01,  4.5048e-02,  3.9150e-01,
        -1.2946e-03,  3.6077e-01, -9.2784e-02, -2.1920e-01, -6.5756e-01,
         3.2448e-01], device='cuda:0')), ('fc.predict.11.running_mean', tensor([4.5477e-01, 4.3970e-01, 1.6290e-01, 6.7582e-01, 3.3766e-01, 4.6481e-01,
        4.8781e-01, 7.8161e-01, 3.7710e-01, 1.4285e-01, 4.5488e-01, 5.0419e-01,
        3.3131e-01, 5.3900e-01, 4.6912e-01, 3.4200e-01, 4.4649e-01, 4.5348e-01,
        3.3941e-01, 5.7649e-01, 4.2000e-01, 2.3580e-01, 3.8309e-01, 4.8806e-01,
        3.6165e-01, 4.0079e-01, 4.3142e-01, 3.3549e-01, 4.8465e-01, 4.8860e-01,
        3.5213e-01, 3.6614e-01, 6.8443e-01, 3.6103e-01, 3.2132e-01, 5.2692e-01,
        4.6921e-01, 1.5518e-01, 3.2407e-01, 3.9314e-01, 4.3473e-01, 4.8180e-01,
        4.2470e-01, 4.8990e-01, 5.3604e-01, 6.6860e-01, 7.0756e-01, 4.3005e-01,
        5.1292e-01, 6.9917e-01, 5.2321e-01, 7.9358e-01, 4.7624e-01, 5.5077e-01,
        2.9103e-01, 4.7765e-01, 4.5396e-01, 3.6419e-01, 5.9271e-01, 3.1003e-01,
        4.2098e-01, 3.8631e-01, 4.1498e-01, 3.8714e-01, 5.0476e-01, 5.6435e-01,
        6.8283e-01, 2.3039e-01, 5.3265e-01, 5.0578e-01, 5.1862e-01, 3.6393e-01,
        7.8473e-01, 4.8811e-01, 5.4470e-01, 4.3694e-01, 2.5319e-01, 4.8782e-01,
        4.9422e-01, 2.1098e-01, 4.5935e-01, 7.1839e-01, 2.9477e-01, 4.9072e-01,
        3.7598e-01, 7.3089e-01, 5.9167e-01, 5.3027e-01, 3.3432e-01, 4.2978e-01,
        5.1765e-01, 4.3720e-01, 7.5160e-01, 3.3092e-01, 4.3822e-01, 2.2956e-01,
        3.6593e-01, 6.0039e-01, 3.9301e-01, 4.5696e-01, 4.3874e-01, 5.0547e-01,
        5.0712e-01, 4.1873e-01, 8.0871e-01, 3.6314e-01, 4.5413e-01, 5.4270e-01,
        6.9886e-01, 4.6499e-01, 3.3748e-01, 4.0263e-01, 5.7025e-01, 3.9986e-01,
        4.0945e-01, 5.4385e-01, 7.4881e-07, 6.8124e-01, 1.8917e-01, 2.9822e-01,
        1.6399e-01, 3.7236e-01, 3.5371e-01, 5.6186e-01, 6.9243e-01, 3.8789e-01,
        4.8114e-01, 3.7876e-01, 3.8160e-01, 5.5643e-01, 2.3174e-01, 5.6872e-01,
        5.0972e-01, 3.8809e-01, 4.8477e-01, 2.8515e-01, 3.3003e-01, 3.4946e-01,
        3.2819e-01, 4.0583e-01, 4.7286e-01, 4.7220e-01, 6.2626e-01, 3.4131e-01,
        4.2853e-01, 4.4737e-01, 4.9414e-01, 4.5912e-01, 4.3456e-01, 3.5206e-01,
        5.7513e-01, 6.7322e-01, 3.1107e-01, 5.4489e-01, 3.5315e-01, 2.8871e-01,
        6.0333e-01, 5.3642e-01, 5.9426e-01, 4.5714e-01, 5.1186e-01, 5.4106e-01,
        4.1325e-01, 3.7733e-01, 3.9137e-01, 4.4950e-01, 5.7754e-01, 5.3222e-01,
        5.3292e-01, 4.7979e-01, 5.2184e-01, 3.2946e-01, 5.7386e-01, 5.4060e-01,
        4.6823e-01, 4.7555e-01, 6.2437e-01, 5.7374e-01, 5.0719e-01, 4.5098e-01,
        6.3976e-01, 3.4033e-01, 4.1886e-01, 4.7629e-01, 5.3662e-01, 5.3734e-01,
        3.9474e-01, 5.6973e-01, 2.2684e-01, 5.5867e-01, 5.1693e-01, 2.0181e-01,
        5.6427e-01, 5.0641e-01, 6.1680e-01, 5.6471e-01, 4.6091e-01, 3.5612e-01,
        3.8590e-01, 3.0478e-02, 4.7047e-01, 5.3711e-01, 7.2566e-01, 4.0308e-01,
        4.1708e-01, 4.4398e-01, 2.2323e-01, 5.8391e-01, 3.6335e-01, 5.0446e-01,
        4.8038e-01, 4.5730e-01, 4.9411e-01, 3.4882e-01, 3.6362e-01, 4.0444e-01,
        6.4644e-01, 4.2137e-01, 4.3527e-01, 3.8192e-01, 4.3325e-01, 6.0764e-01,
        7.6093e-01, 5.1612e-01, 3.9913e-01, 4.0471e-01, 3.7790e-01, 4.9012e-01,
        5.3812e-01, 5.4984e-01, 5.3004e-01, 4.7760e-01, 6.4513e-01, 7.3772e-01,
        6.8161e-01, 5.3392e-01, 3.7671e-01, 3.8237e-01, 4.5622e-01, 4.8077e-01,
        4.1796e-01, 4.4232e-01, 7.1005e-01, 3.5823e-01, 4.0290e-01, 4.5017e-01,
        4.2465e-01, 5.2028e-01, 3.0288e-01, 3.6665e-01, 2.0390e-01, 6.1582e-01,
        3.9913e-01, 3.4489e-01, 7.2769e-01, 2.4928e-01], device='cuda:0')), ('fc.predict.11.running_var', tensor([6.6101e-01, 7.2563e-01, 2.5872e-01, 1.6099e+00, 4.2789e-01, 9.9383e-01,
        8.9617e-01, 1.8507e+00, 5.9923e-01, 1.4444e-01, 6.8080e-01, 7.4189e-01,
        5.6444e-01, 1.4207e+00, 8.6313e-01, 4.8815e-01, 7.4531e-01, 7.4784e-01,
        5.3202e-01, 1.1274e+00, 8.0322e-01, 5.4374e-01, 5.6424e-01, 6.4505e-01,
        9.9661e-01, 6.9880e-01, 9.5807e-01, 6.6127e-01, 6.3614e-01, 1.1927e+00,
        4.9062e-01, 8.0459e-01, 1.5400e+00, 5.9582e-01, 4.4909e-01, 8.5501e-01,
        1.1055e+00, 1.8402e-01, 5.7028e-01, 6.9367e-01, 9.6163e-01, 7.0156e-01,
        3.7537e-01, 7.0198e-01, 6.9538e-01, 1.5398e+00, 1.5036e+00, 6.2110e-01,
        9.9749e-01, 1.2961e+00, 1.1011e+00, 1.7572e+00, 1.1239e+00, 1.1193e+00,
        4.9534e-01, 6.4647e-01, 8.4017e-01, 7.0363e-01, 1.2383e+00, 4.7331e-01,
        7.6457e-01, 6.8629e-01, 8.5643e-01, 3.3210e-01, 8.7138e-01, 8.4567e-01,
        9.7787e-01, 4.4828e-01, 7.7681e-01, 9.8735e-01, 1.1463e+00, 6.2691e-01,
        1.4325e+00, 1.0372e+00, 1.0769e+00, 6.3784e-01, 2.6745e-01, 1.1006e+00,
        1.1244e+00, 3.7211e-01, 7.1705e-01, 2.0128e+00, 6.7316e-01, 8.0521e-01,
        9.5179e-01, 1.1915e+00, 7.7473e-01, 8.0433e-01, 5.8281e-01, 1.1218e+00,
        9.5109e-01, 1.0387e+00, 1.2069e+00, 5.9314e-01, 1.0090e+00, 4.9530e-01,
        4.7731e-01, 1.0840e+00, 6.8524e-01, 1.1922e+00, 6.0695e-01, 7.0636e-01,
        1.0640e+00, 7.0699e-01, 1.8198e+00, 4.1541e-01, 9.1669e-01, 7.2267e-01,
        1.5616e+00, 6.7048e-01, 5.2053e-01, 8.5018e-01, 1.0083e+00, 5.3679e-01,
        9.7986e-01, 8.5711e-01, 2.2087e-12, 1.2769e+00, 2.4339e-01, 4.2505e-01,
        2.4676e-01, 6.1606e-01, 8.1280e-01, 8.8231e-01, 1.7514e+00, 6.8767e-01,
        7.0631e-01, 6.6570e-01, 1.0035e+00, 1.0838e+00, 2.1464e-01, 1.3062e+00,
        1.1243e+00, 4.6725e-01, 5.5947e-01, 6.0549e-01, 5.5356e-01, 7.0806e-01,
        7.1615e-01, 7.5944e-01, 7.3556e-01, 9.5370e-01, 1.0446e+00, 5.6860e-01,
        4.3612e-01, 7.9420e-01, 1.3169e+00, 8.8728e-01, 7.6941e-01, 5.4176e-01,
        1.1700e+00, 7.8875e-01, 4.6304e-01, 1.2088e+00, 6.7142e-01, 3.3034e-01,
        1.5121e+00, 1.1124e+00, 1.2679e+00, 7.8438e-01, 1.3752e+00, 1.0746e+00,
        8.3183e-01, 5.8508e-01, 7.0713e-01, 7.0424e-01, 9.2016e-01, 1.0301e+00,
        1.0693e+00, 8.2432e-01, 9.8073e-01, 4.7208e-01, 1.0861e+00, 8.1646e-01,
        9.5240e-01, 9.7739e-01, 7.9406e-01, 1.3430e+00, 9.5494e-01, 6.5394e-01,
        1.1179e+00, 4.9758e-01, 5.1372e-01, 7.9329e-01, 1.0626e+00, 7.9415e-01,
        5.9027e-01, 7.8774e-01, 3.8302e-01, 9.8551e-01, 9.3076e-01, 1.3723e-01,
        1.0942e+00, 1.0414e+00, 1.3848e+00, 7.2100e-01, 7.4515e-01, 5.7973e-01,
        9.0966e-01, 1.8389e-03, 6.1465e-01, 9.0761e-01, 1.3488e+00, 6.8868e-01,
        7.8603e-01, 7.6585e-01, 2.4976e-01, 1.0623e+00, 5.6482e-01, 1.1542e+00,
        9.6055e-01, 1.2391e+00, 9.5127e-01, 4.6485e-01, 5.4448e-01, 5.2969e-01,
        1.3928e+00, 8.7189e-01, 7.1743e-01, 7.0398e-01, 6.9263e-01, 1.2563e+00,
        1.6664e+00, 7.8053e-01, 6.5269e-01, 7.0474e-01, 5.2638e-01, 8.5873e-01,
        9.6878e-01, 1.1511e+00, 9.7261e-01, 8.0091e-01, 1.0391e+00, 1.3688e+00,
        1.0241e+00, 7.7938e-01, 4.7778e-01, 5.4186e-01, 6.9719e-01, 8.7819e-01,
        8.7732e-01, 8.0460e-01, 1.4619e+00, 6.0694e-01, 8.7221e-01, 7.3412e-01,
        6.7211e-01, 1.1833e+00, 3.5415e-01, 6.3679e-01, 1.1815e-01, 1.3068e+00,
        4.4537e-01, 4.6815e-01, 1.5484e+00, 4.9710e-01], device='cuda:0')), ('fc.predict.11.num_batches_tracked', tensor(20438, device='cuda:0')), ('fc.output.weight', tensor([[-6.6765e-02, -5.3241e-02,  1.5996e-02, -1.0443e-01, -2.3501e-02,
         -7.2037e-02,  2.8812e-02,  2.4573e-02, -1.3607e-01,  5.9292e-03,
         -1.0415e-01, -2.4941e-02,  6.6564e-02,  4.8858e-02, -1.2573e-01,
          1.5074e-02, -4.0712e-02, -9.8662e-02,  6.0765e-03, -3.1926e-02,
         -1.8403e-01,  1.0114e-01, -7.7980e-02, -3.0077e-02, -6.6924e-02,
         -2.5069e-02, -9.3827e-02, -4.2769e-02,  2.4444e-02,  2.7918e-02,
          2.6544e-02,  3.0442e-02, -8.4860e-02,  3.2578e-02, -3.6729e-02,
          3.0059e-02,  5.3536e-02,  2.2469e-02,  5.6874e-02, -1.4563e-01,
          4.2908e-02, -3.9359e-02,  1.0703e-02, -1.2090e-02, -3.2681e-02,
          5.0527e-02, -6.5333e-02, -2.7386e-02, -5.7170e-02, -1.3664e-01,
          3.9745e-02, -2.2169e-01,  2.9687e-02,  3.3672e-02,  2.4880e-02,
         -1.8719e-02, -3.1985e-02, -2.3512e-02,  2.5831e-02,  2.1342e-02,
         -6.1287e-02,  1.6657e-02,  4.3124e-02, -2.4060e-02, -1.4957e-01,
         -3.0873e-02,  2.4161e-02,  3.2284e-02, -2.3334e-02,  4.5501e-02,
         -6.4861e-02, -3.3616e-02,  2.5067e-02, -8.4665e-02, -7.7058e-02,
          5.0654e-02, -1.4812e-02, -1.4973e-01, -7.7980e-02,  2.1270e-02,
         -1.8411e-01,  4.8468e-02,  3.4725e-02, -2.6401e-02,  2.0982e-02,
         -6.5429e-02, -3.2331e-02, -3.8620e-02,  1.8154e-02, -7.3004e-02,
         -1.3184e-01,  5.5453e-02,  2.0057e-02,  2.4033e-02,  2.8833e-02,
          4.9701e-02, -2.9894e-02, -1.2311e-01, -4.4171e-02, -1.0608e-01,
         -4.1025e-02, -3.2556e-02, -2.5704e-02, -4.3918e-02,  6.8331e-02,
         -3.0332e-02, -4.2536e-02, -3.4006e-02, -8.1652e-02, -1.1349e-02,
         -5.8731e-02,  2.4805e-02,  1.5754e-02, -3.2203e-02,  6.0451e-02,
         -4.5911e-02,  4.4864e-09, -6.9619e-02,  1.3848e-02,  1.4026e-02,
          5.9692e-02,  2.4691e-02,  1.7335e-02,  2.0221e-02,  4.6859e-02,
          2.6274e-02,  2.2491e-02, -3.4166e-02,  7.5877e-02,  4.1600e-02,
         -1.9480e-03, -6.8492e-02, -1.4727e-01,  1.2902e-02, -3.6008e-02,
          1.0594e-01, -1.1254e-01,  8.7384e-02,  6.1568e-02,  3.8394e-02,
         -2.7824e-02, -1.6690e-01, -4.8709e-02,  3.2801e-02, -2.7856e-02,
         -1.6642e-01, -6.2073e-02, -6.5887e-02, -5.6533e-02,  3.5787e-02,
          3.4986e-02,  1.5245e-02,  2.1165e-02, -1.1893e-01,  4.8538e-02,
          1.4841e-02,  5.9876e-02, -9.6456e-02, -9.3599e-02,  1.0945e-01,
          3.6708e-02, -1.0806e-01,  6.5570e-02, -2.1910e-02, -1.9712e-02,
         -4.3027e-02, -5.8316e-02, -1.3752e-01, -1.5258e-01, -2.1638e-02,
          3.2068e-02, -2.6552e-02, -6.7106e-02, -5.3632e-02,  7.9605e-02,
          2.7881e-02,  1.3848e-02, -1.0450e-01, -5.4713e-02, -7.1666e-02,
          1.3995e-02,  1.2020e-02, -2.5227e-02,  1.6657e-02,  2.7239e-02,
         -3.6371e-02, -6.4682e-02, -4.3670e-02,  4.2002e-02,  4.1122e-02,
         -3.7902e-02,  4.0681e-03, -4.5762e-02,  2.6713e-02,  6.5597e-02,
         -1.3910e-02, -3.2581e-02, -3.5637e-02, -1.6280e-01, -9.1000e-05,
          7.0081e-03, -6.4698e-02,  2.3706e-02,  3.1286e-02,  2.5085e-02,
         -7.0857e-02,  1.3878e-02, -4.5257e-02, -6.5830e-02,  2.2254e-02,
         -1.7404e-01,  6.3157e-02, -8.2290e-02, -6.9232e-02, -2.8768e-02,
         -2.0218e-02, -1.3429e-01, -1.7068e-01, -3.5824e-02, -7.1838e-02,
         -1.2272e-01,  1.7678e-02,  7.7726e-02, -2.3221e-02,  2.7957e-02,
         -8.7891e-02, -1.9071e-02, -1.1917e-01, -5.5262e-02, -1.1929e-01,
          2.4340e-02, -3.1685e-02, -1.2785e-01, -5.7530e-02, -2.5461e-02,
         -2.3524e-02, -1.8750e-02,  1.1155e-02, -7.3709e-02, -1.3338e-01,
         -2.6729e-02,  1.7523e-02, -7.3731e-02, -2.5093e-02,  3.2774e-02,
         -2.0011e-01,  2.1962e-02, -3.2286e-02,  5.4173e-03,  1.6553e-02,
         -8.6097e-04,  3.7339e-02, -1.9329e-02, -3.3390e-02, -9.2199e-02,
          3.3962e-02]], device='cuda:0')), ('fc.output.bias', tensor([0.3240], device='cuda:0'))])



"gconv.3.mlp_node_cov.0.weight", "gconv.3.mlp_node_cov.0.bias", "gconv.3.mlp_node_cov.3.weight", "gconv.3.mlp_node_cov.3.bias", "gconv.3.mlp_node_cov.3.running_mean", "gconv.3.mlp_node_cov.3.running_var", "gconv.3.mlp_node_ncov.0.weight", "gconv.3.mlp_node_ncov.0.bias", "gconv.3.mlp_node_ncov.3.weight", "gconv.3.mlp_node_ncov.3.bias", "gconv.3.mlp_node_ncov.3.running_mean", "gconv.3.mlp_node_ncov.3.running_var", "gconv.3.mlp_coord_cov.0.weight", "gconv.3.mlp_coord_cov.0.bias", "gconv.3.mlp_coord_ncov.0.weight", "gconv.3.mlp_coord_ncov.0.bias", "gconv.4.mlp_node_cov.0.weight", "gconv.4.mlp_node_cov.0.bias", "gconv.4.mlp_node_cov.3.weight", "gconv.4.mlp_node_cov.3.bias", "gconv.4.mlp_node_cov.3.running_mean", "gconv.4.mlp_node_cov.3.running_var", "gconv.4.mlp_node_ncov.0.weight", "gconv.4.mlp_node_ncov.0.bias", "gconv.4.mlp_node_ncov.3.weight", "gconv.4.mlp_node_ncov.3.bias", "gconv.4.mlp_node_ncov.3.running_mean", "gconv.4.mlp_node_ncov.3.running_var", "gconv.4.mlp_coord_cov.0.weight", "gconv.4.mlp_coord_cov.0.bias", "gconv.4.mlp_coord_ncov.0.weight", "gconv.4.mlp_coord_ncov.0.bias"
"gconv.3.mlp_node_cov.0.weight", "gconv.3.mlp_node_cov.0.bias", "gconv.3.mlp_node_cov.3.weight", "gconv.3.mlp_node_cov.3.bias", "gconv.3.mlp_node_cov.3.running_mean", "gconv.3.mlp_node_cov.3.running_var", "gconv.3.mlp_node_ncov.0.weight", "gconv.3.mlp_node_ncov.0.bias", "gconv.3.mlp_node_ncov.3.weight", "gconv.3.mlp_node_ncov.3.bias", "gconv.3.mlp_node_ncov.3.running_mean", "gconv.3.mlp_node_ncov.3.running_var", "gconv.3.mlp_coord_cov.0.weight", "gconv.3.mlp_coord_cov.0.bias", "gconv.3.mlp_coord_ncov.0.weight", "gconv.3.mlp_coord_ncov.0.bias", "gconv.4.mlp_node_cov.0.weight", "gconv.4.mlp_node_cov.0.bias", "gconv.4.mlp_node_cov.3.weight", "gconv.4.mlp_node_cov.3.bias", "gconv.4.mlp_node_cov.3.running_mean", "gconv.4.mlp_node_cov.3.running_var", "gconv.4.mlp_node_ncov.0.weight", "gconv.4.mlp_node_ncov.0.bias", "gconv.4.mlp_node_ncov.3.weight", "gconv.4.mlp_node_ncov.3.bias", "gconv.4.mlp_node_ncov.3.running_mean", "gconv.4.mlp_node_ncov.3.running_var", "gconv.4.mlp_coord_cov.0.weight", "gconv.4.mlp_coord_cov.0.bias", "gconv.4.mlp_coord_ncov.0.weight", "gconv.4.mlp_coord_ncov.0.bias", "gconv.5.mlp_node_cov.0.weight", "gconv.5.mlp_node_cov.0.bias", "gconv.5.mlp_node_cov.3.weight", "gconv.5.mlp_node_cov.3.bias", "gconv.5.mlp_node_cov.3.running_mean", "gconv.5.mlp_node_cov.3.running_var", "gconv.5.mlp_node_ncov.0.weight", "gconv.5.mlp_node_ncov.0.bias", "gconv.5.mlp_node_ncov.3.weight", "gconv.5.mlp_node_ncov.3.bias", "gconv.5.mlp_node_ncov.3.running_mean", "gconv.5.mlp_node_ncov.3.running_var", "gconv.5.mlp_coord_cov.0.weight", "gconv.5.mlp_coord_cov.0.bias", "gconv.5.mlp_coord_ncov.0.weight", "gconv.5.mlp_coord_ncov.0.bias", "gconv.6.mlp_node_cov.0.weight", "gconv.6.mlp_node_cov.0.bias", "gconv.6.mlp_node_cov.3.weight", "gconv.6.mlp_node_cov.3.bias", "gconv.6.mlp_node_cov.3.running_mean", "gconv.6.mlp_node_cov.3.running_var", "gconv.6.mlp_node_ncov.0.weight", "gconv.6.mlp_node_ncov.0.bias", "gconv.6.mlp_node_ncov.3.weight", "gconv.6.mlp_node_ncov.3.bias", "gconv.6.mlp_node_ncov.3.running_mean", "gconv.6.mlp_node_ncov.3.running_var", "gconv.6.mlp_coord_cov.0.weight", "gconv.6.mlp_coord_cov.0.bias", "gconv.6.mlp_coord_ncov.0.weight", "gconv.6.mlp_coord_ncov.0.bias", "gconv.7.mlp_node_cov.0.weight", "gconv.7.mlp_node_cov.0.bias", "gconv.7.mlp_node_cov.3.weight", "gconv.7.mlp_node_cov.3.bias", "gconv.7.mlp_node_cov.3.running_mean", "gconv.7.mlp_node_cov.3.running_var", "gconv.7.mlp_node_ncov.0.weight", "gconv.7.mlp_node_ncov.0.bias", "gconv.7.mlp_node_ncov.3.weight", "gconv.7.mlp_node_ncov.3.bias", "gconv.7.mlp_node_ncov.3.running_mean", "gconv.7.mlp_node_ncov.3.running_var", "gconv.7.mlp_coord_cov.0.weight", "gconv.7.mlp_coord_cov.0.bias", "gconv.7.mlp_coord_ncov.0.weight", "gconv.7.mlp_coord_ncov.0.bias", "gconv.8.mlp_node_cov.0.weight", "gconv.8.mlp_node_cov.0.bias", "gconv.8.mlp_node_cov.3.weight", "gconv.8.mlp_node_cov.3.bias", "gconv.8.mlp_node_cov.3.running_mean", "gconv.8.mlp_node_cov.3.running_var", "gconv.8.mlp_node_ncov.0.weight", "gconv.8.mlp_node_ncov.0.bias", "gconv.8.mlp_node_ncov.3.weight", "gconv.8.mlp_node_ncov.3.bias", "gconv.8.mlp_node_ncov.3.running_mean", "gconv.8.mlp_node_ncov.3.running_var", "gconv.8.mlp_coord_cov.0.weight", "gconv.8.mlp_coord_cov.0.bias", "gconv.8.mlp_coord_ncov.0.weight", "gconv.8.mlp_coord_ncov.0.bias", "gconv.9.mlp_node_cov.0.weight", "gconv.9.mlp_node_cov.0.bias", "gconv.9.mlp_node_cov.3.weight", "gconv.9.mlp_node_cov.3.bias", "gconv.9.mlp_node_cov.3.running_mean", "gconv.9.mlp_node_cov.3.running_var", "gconv.9.mlp_node_ncov.0.weight", "gconv.9.mlp_node_ncov.0.bias", "gconv.9.mlp_node_ncov.3.weight", "gconv.9.mlp_node_ncov.3.bias", "gconv.9.mlp_node_ncov.3.running_mean", "gconv.9.mlp_node_ncov.3.running_var", "gconv.9.mlp_coord_cov.0.weight", "gconv.9.mlp_coord_cov.0.bias", "gconv.9.mlp_coord_ncov.0.weight", "gconv.9.mlp_coord_ncov.0.bias". 
"gconv.3.mlp_node_cov.0.weight", "gconv.3.mlp_node_cov.0.bias", "gconv.3.mlp_node_cov.3.weight", "gconv.3.mlp_node_cov.3.bias", "gconv.3.mlp_node_cov.3.running_mean", "gconv.3.mlp_node_cov.3.running_var", "gconv.3.mlp_node_ncov.0.weight", "gconv.3.mlp_node_ncov.0.bias", "gconv.3.mlp_node_ncov.3.weight", "gconv.3.mlp_node_ncov.3.bias", "gconv.3.mlp_node_ncov.3.running_mean", "gconv.3.mlp_node_ncov.3.running_var", "gconv.3.mlp_coord_cov.0.weight", "gconv.3.mlp_coord_cov.0.bias", "gconv.3.mlp_coord_ncov.0.weight", "gconv.3.mlp_coord_ncov.0.bias", "gconv.4.mlp_node_cov.0.weight", "gconv.4.mlp_node_cov.0.bias", "gconv.4.mlp_node_cov.3.weight", "gconv.4.mlp_node_cov.3.bias", "gconv.4.mlp_node_cov.3.running_mean", "gconv.4.mlp_node_cov.3.running_var", "gconv.4.mlp_node_ncov.0.weight", "gconv.4.mlp_node_ncov.0.bias", "gconv.4.mlp_node_ncov.3.weight", "gconv.4.mlp_node_ncov.3.bias", "gconv.4.mlp_node_ncov.3.running_mean", "gconv.4.mlp_node_ncov.3.running_var", "gconv.4.mlp_coord_cov.0.weight", "gconv.4.mlp_coord_cov.0.bias", "gconv.4.mlp_coord_ncov.0.weight", "gconv.4.mlp_coord_ncov.0.bias", "gconv.5.mlp_node_cov.0.weight", "gconv.5.mlp_node_cov.0.bias", "gconv.5.mlp_node_cov.3.weight", "gconv.5.mlp_node_cov.3.bias", "gconv.5.mlp_node_cov.3.running_mean", "gconv.5.mlp_node_cov.3.running_var", "gconv.5.mlp_node_ncov.0.weight", "gconv.5.mlp_node_ncov.0.bias", "gconv.5.mlp_node_ncov.3.weight", "gconv.5.mlp_node_ncov.3.bias", "gconv.5.mlp_node_ncov.3.running_mean", "gconv.5.mlp_node_ncov.3.running_var", "gconv.5.mlp_coord_cov.0.weight", "gconv.5.mlp_coord_cov.0.bias", "gconv.5.mlp_coord_ncov.0.weight", "gconv.5.mlp_coord_ncov.0.bias", "gconv.6.mlp_node_cov.0.weight", "gconv.6.mlp_node_cov.0.bias", "gconv.6.mlp_node_cov.3.weight", "gconv.6.mlp_node_cov.3.bias", "gconv.6.mlp_node_cov.3.running_mean", "gconv.6.mlp_node_cov.3.running_var", "gconv.6.mlp_node_ncov.0.weight", "gconv.6.mlp_node_ncov.0.bias", "gconv.6.mlp_node_ncov.3.weight", "gconv.6.mlp_node_ncov.3.bias", "gconv.6.mlp_node_ncov.3.running_mean", "gconv.6.mlp_node_ncov.3.running_var", "gconv.6.mlp_coord_cov.0.weight", "gconv.6.mlp_coord_cov.0.bias", "gconv.6.mlp_coord_ncov.0.weight", "gconv.6.mlp_coord_ncov.0.bias", "gconv.7.mlp_node_cov.0.weight", "gconv.7.mlp_node_cov.0.bias", "gconv.7.mlp_node_cov.3.weight", "gconv.7.mlp_node_cov.3.bias", "gconv.7.mlp_node_cov.3.running_mean", "gconv.7.mlp_node_cov.3.running_var", "gconv.7.mlp_node_ncov.0.weight", "gconv.7.mlp_node_ncov.0.bias", "gconv.7.mlp_node_ncov.3.weight", "gconv.7.mlp_node_ncov.3.bias", "gconv.7.mlp_node_ncov.3.running_mean", "gconv.7.mlp_node_ncov.3.running_var", "gconv.7.mlp_coord_cov.0.weight", "gconv.7.mlp_coord_cov.0.bias", "gconv.7.mlp_coord_ncov.0.weight", "gconv.7.mlp_coord_ncov.0.bias", "gconv.8.mlp_node_cov.0.weight", "gconv.8.mlp_node_cov.0.bias", "gconv.8.mlp_node_cov.3.weight", "gconv.8.mlp_node_cov.3.bias", "gconv.8.mlp_node_cov.3.running_mean", "gconv.8.mlp_node_cov.3.running_var", "gconv.8.mlp_node_ncov.0.weight", "gconv.8.mlp_node_ncov.0.bias", "gconv.8.mlp_node_ncov.3.weight", "gconv.8.mlp_node_ncov.3.bias", "gconv.8.mlp_node_ncov.3.running_mean", "gconv.8.mlp_node_ncov.3.running_var", "gconv.8.mlp_coord_cov.0.weight", "gconv.8.mlp_coord_cov.0.bias", "gconv.8.mlp_coord_ncov.0.weight", "gconv.8.mlp_coord_ncov.0.bias", "gconv.9.mlp_node_cov.0.weight", "gconv.9.mlp_node_cov.0.bias", "gconv.9.mlp_node_cov.3.weight", "gconv.9.mlp_node_cov.3.bias", "gconv.9.mlp_node_cov.3.running_mean", "gconv.9.mlp_node_cov.3.running_var", "gconv.9.mlp_node_ncov.0.weight", "gconv.9.mlp_node_ncov.0.bias", "gconv.9.mlp_node_ncov.3.weight", "gconv.9.mlp_node_ncov.3.bias", "gconv.9.mlp_node_ncov.3.running_mean", "gconv.9.mlp_node_ncov.3.running_var", "gconv.9.mlp_coord_cov.0.weight", "gconv.9.mlp_coord_cov.0.bias", "gconv.9.mlp_coord_ncov.0.weight", "gconv.9.mlp_coord_ncov.0.bias", "gconv.10.mlp_node_cov.0.weight", "gconv.10.mlp_node_cov.0.bias", "gconv.10.mlp_node_cov.3.weight", "gconv.10.mlp_node_cov.3.bias", "gconv.10.mlp_node_cov.3.running_mean", "gconv.10.mlp_node_cov.3.running_var", "gconv.10.mlp_node_ncov.0.weight", "gconv.10.mlp_node_ncov.0.bias", "gconv.10.mlp_node_ncov.3.weight", "gconv.10.mlp_node_ncov.3.bias", "gconv.10.mlp_node_ncov.3.running_mean", "gconv.10.mlp_node_ncov.3.running_var", "gconv.10.mlp_coord_cov.0.weight", "gconv.10.mlp_coord_cov.0.bias", "gconv.10.mlp_coord_ncov.0.weight", "gconv.10.mlp_coord_ncov.0.bias", "gconv.11.mlp_node_cov.0.weight", "gconv.11.mlp_node_cov.0.bias", "gconv.11.mlp_node_cov.3.weight", "gconv.11.mlp_node_cov.3.bias", "gconv.11.mlp_node_cov.3.running_mean", "gconv.11.mlp_node_cov.3.running_var", "gconv.11.mlp_node_ncov.0.weight", "gconv.11.mlp_node_ncov.0.bias", "gconv.11.mlp_node_ncov.3.weight", "gconv.11.mlp_node_ncov.3.bias", "gconv.11.mlp_node_ncov.3.running_mean", "gconv.11.mlp_node_ncov.3.running_var", "gconv.11.mlp_coord_cov.0.weight", "gconv.11.mlp_coord_cov.0.bias", "gconv.11.mlp_coord_ncov.0.weight", "gconv.11.mlp_coord_ncov.0.bias". 